Name,Team,G,PA,HR,R,RBI,SB,BB%,K%,ISO,BABIP,AVG,OBP,SLG,wOBA,wRC+,BsR,Off,Def,WAR,playerid
Mike Trout,Angels,159,681,29,123,100,30,17.0 %,20.1 %,0.235,0.371,0.315,0.441,0.55,0.418,171,9.3,67.7,0.7,9.4,10155
Kris Bryant,Cubs,155,699,39,121,102,8,10.7 %,22.0 %,0.262,0.332,0.292,0.385,0.554,0.396,149,7.3,49.1,11,8.4,15429
Mookie Betts,Red Sox,158,730,31,122,113,26,6.7 %,11.0 %,0.216,0.322,0.318,0.363,0.534,0.379,135,9.8,40.7,10.6,7.8,13611
Josh Donaldson,Blue Jays,155,700,37,122,99,7,15.6 %,17.0 %,0.265,0.3,0.284,0.404,0.549,0.403,155,0.2,46.3,4.2,7.6,5038
Corey Seager,Dodgers,157,687,26,105,72,3,7.9 %,19.4 %,0.204,0.355,0.308,0.365,0.512,0.372,137,2.6,33.9,17.5,7.5,13624
Jose Altuve,Astros,161,717,24,108,96,30,8.4 %,9.8 %,0.194,0.347,0.338,0.396,0.531,0.391,150,0.2,43.3,-2.5,6.7,5417
Manny Machado,Orioles,157,696,37,105,96,0,6.9 %,17.2 %,0.239,0.309,0.294,0.343,0.533,0.366,129,-0.4,23.7,15.9,6.5,11493
Francisco Lindor,Indians,158,684,15,99,78,19,8.3 %,12.9 %,0.134,0.324,0.301,0.358,0.435,0.34,112,1,10.8,27.7,6.3,12916
Freddie Freeman,Braves,158,693,34,102,91,6,12.8 %,24.7 %,0.267,0.37,0.302,0.4,0.569,0.402,152,1.1,45.5,-7.7,6.1,5361
Adrian Beltre,Rangers,153,640,32,89,104,1,7.5 %,10.3 %,0.221,0.293,0.3,0.358,0.521,0.371,130,-0.8,22.6,15.2,6.1,639
Adam Eaton,White Sox,157,706,14,91,59,14,8.9 %,16.3 %,0.144,0.329,0.284,0.362,0.428,0.344,115,4.4,16.8,18,6,11205
Robinson Cano,Mariners,161,715,39,107,103,0,6.6 %,14.0 %,0.235,0.299,0.298,0.35,0.533,0.37,138,-1.8,30.5,3.4,6,3269
Brian Dozier,Twins,155,691,42,104,99,18,8.8 %,20.0 %,0.278,0.28,0.268,0.34,0.546,0.37,132,5.5,31.9,2.3,5.9,9810
Ian Kinsler,Tigers,153,679,28,117,83,14,6.6 %,16.9 %,0.196,0.314,0.288,0.348,0.484,0.356,123,3.6,22.8,10.6,5.8,6195
Brandon Crawford,Giants,155,623,12,67,84,7,9.1 %,18.5 %,0.156,0.322,0.275,0.342,0.43,0.327,107,3.4,8.4,28,5.8,5343
Justin Turner,Dodgers,151,622,27,79,90,4,7.7 %,17.2 %,0.218,0.293,0.275,0.339,0.493,0.353,124,0.2,18.6,16,5.6,5235
Daniel Murphy,Nationals,142,582,25,88,104,5,6.0 %,9.8 %,0.249,0.348,0.347,0.39,0.595,0.408,156,3.4,43.3,-7.6,5.5,4316
Kyle Seager,Mariners,158,676,30,89,99,3,10.2 %,16.0 %,0.221,0.295,0.278,0.359,0.499,0.363,133,-2,24.4,6,5.5,9785
Dustin Pedroia,Red Sox,154,698,15,105,74,7,8.7 %,10.5 %,0.131,0.339,0.318,0.376,0.449,0.358,120,-4.5,12.7,14.8,5.2,8370
Nolan Arenado,Rockies,160,696,41,116,133,2,9.8 %,14.8 %,0.275,0.293,0.294,0.362,0.57,0.386,124,-1.1,19.8,8.6,5.2,9777
Anthony Rizzo,Cubs,155,676,32,94,109,3,10.9 %,16.0 %,0.252,0.309,0.292,0.385,0.544,0.391,145,-2.8,34.6,-5.8,5.2,3473
Jean Segura,Diamondbacks,153,694,20,102,64,33,5.6 %,14.6 %,0.181,0.353,0.319,0.368,0.499,0.371,126,5.1,27.7,-1,5,5933
Joey Votto,Reds,158,677,29,101,97,8,16.0 %,17.7 %,0.225,0.366,0.326,0.434,0.55,0.413,158,-2.7,45.7,-18.7,5,4314
Carlos Correa,Astros,153,660,20,76,96,13,11.4 %,21.1 %,0.177,0.328,0.274,0.361,0.451,0.349,122,4,21.1,4.7,4.9,14162
Miguel Cabrera,Tigers,158,679,38,92,108,0,11.0 %,17.1 %,0.247,0.336,0.316,0.393,0.563,0.399,152,-10,32.8,-8.4,4.9,1744
Jackie Bradley Jr.,Red Sox,156,636,26,94,87,9,9.9 %,22.5 %,0.219,0.312,0.267,0.349,0.486,0.354,118,5.2,18.8,6.9,4.8,12984
Jason Kipnis,Indians,156,688,23,91,82,15,8.7 %,21.2 %,0.193,0.324,0.275,0.343,0.469,0.347,117,1.1,14.8,9.1,4.8,9776
Paul Goldschmidt,Diamondbacks,158,705,24,106,95,32,15.6 %,21.3 %,0.192,0.358,0.297,0.411,0.489,0.382,134,5.4,34.6,-10.4,4.8,9218
Jose Ramirez,Indians,152,618,11,84,76,22,7.1 %,10.0 %,0.15,0.333,0.312,0.363,0.462,0.355,122,8.8,24.9,0.5,4.8,13510
Xander Bogaerts,Red Sox,157,719,21,115,89,13,8.1 %,17.1 %,0.152,0.335,0.294,0.356,0.446,0.348,113,6.1,17.7,4.2,4.7,12161
Dexter Fowler,Cubs,125,551,13,84,48,13,14.3 %,22.5 %,0.171,0.35,0.276,0.393,0.447,0.367,129,6.2,25.8,2.7,4.7,4062
Anthony Rendon,Nationals,156,647,20,91,85,12,10.0 %,18.1 %,0.18,0.304,0.27,0.348,0.45,0.342,112,3.2,12.4,12.9,4.7,12861
Jonathan Lucroy,- - -,142,544,24,67,81,5,8.6 %,18.4 %,0.208,0.322,0.292,0.355,0.5,0.362,123,-0.7,14.2,12.5,4.5,7870
Evan Longoria,Rays,160,685,36,81,98,0,6.1 %,21.0 %,0.248,0.298,0.273,0.318,0.521,0.35,123,0.1,18.8,2,4.5,9368
George Springer,Astros,162,744,29,116,82,9,11.8 %,23.9 %,0.196,0.317,0.261,0.359,0.457,0.353,124,-0.4,21.3,-2.9,4.5,12856
David Ortiz,Red Sox,151,626,38,79,127,2,12.8 %,13.7 %,0.305,0.312,0.315,0.401,0.62,0.419,163,-9.9,37.1,-15.2,4.4,745
Cesar Hernandez,Phillies,155,622,6,67,39,17,10.6 %,18.6 %,0.099,0.363,0.294,0.371,0.393,0.335,108,1,7.1,16.1,4.4,10556
Brandon Belt,Giants,156,655,17,77,82,0,15.9 %,22.6 %,0.199,0.346,0.275,0.394,0.474,0.374,138,-2.8,28,-6,4.4,10264
Christian Yelich,Marlins,155,659,21,78,98,9,10.9 %,20.9 %,0.185,0.356,0.298,0.376,0.483,0.367,130,2.5,27,-5.3,4.4,11477
Nelson Cruz,Mariners,155,667,43,96,105,2,9.3 %,23.8 %,0.268,0.32,0.287,0.36,0.555,0.383,147,-3.3,34,-15.6,4.2,2434
DJ LeMahieu,Rockies,146,635,11,104,66,11,10.4 %,12.6 %,0.147,0.388,0.348,0.416,0.495,0.391,128,-0.4,21.5,-0.9,4.2,9874
Buster Posey,Giants,146,614,14,82,80,6,10.4 %,11.1 %,0.147,0.303,0.288,0.362,0.434,0.341,116,-3.1,9.1,10.8,4,9166
Ben Zobrist,Cubs,147,631,18,94,76,6,15.2 %,13.0 %,0.174,0.29,0.272,0.386,0.446,0.36,124,1.7,20.6,-1.5,4,7435
Starling Marte,Pirates,129,529,9,71,46,47,4.3 %,19.7 %,0.145,0.38,0.311,0.362,0.456,0.351,121,7,20.7,1.4,4,9241
Kole Calhoun,Angels,157,672,18,91,75,2,10.0 %,17.6 %,0.167,0.309,0.271,0.348,0.438,0.34,118,1.7,16,-0.1,4,11200
Addison Russell,Cubs,151,598,21,67,95,5,9.2 %,22.6 %,0.179,0.277,0.238,0.321,0.417,0.316,95,1.3,-2.4,21.9,3.9,14106
Charlie Blackmon,Rockies,143,641,29,111,82,17,6.7 %,15.9 %,0.228,0.35,0.324,0.381,0.552,0.394,130,3.1,26.5,-8.4,3.9,7859
Edwin Encarnacion,Blue Jays,160,702,42,99,127,2,12.4 %,19.7 %,0.266,0.27,0.263,0.357,0.529,0.373,134,-2.1,26.9,-13.1,3.9,2151
Odubel Herrera,Phillies,159,656,15,87,49,25,9.6 %,20.4 %,0.134,0.349,0.286,0.361,0.42,0.338,110,2.6,10.6,6.1,3.8,11476
Wil Myers,Padres,157,676,28,99,94,28,10.1 %,23.7 %,0.202,0.305,0.259,0.336,0.461,0.341,115,7.8,20.4,-4.4,3.8,10047
Kevin Kiermaier,Rays,105,414,12,55,37,21,9.7 %,17.9 %,0.164,0.278,0.246,0.331,0.41,0.323,104,6.8,8.9,13.8,3.8,11038
Carlos Santana,Indians,158,688,34,89,87,5,14.4 %,14.4 %,0.239,0.258,0.259,0.366,0.498,0.37,132,-0.9,25.6,-12.5,3.7,2396
Neil Walker,Mets,113,458,23,57,55,3,9.2 %,18.3 %,0.194,0.302,0.282,0.347,0.476,0.351,122,-1.5,11,10.9,3.7,7539
Joc Pederson,Dodgers,137,476,25,64,68,6,13.2 %,27.3 %,0.249,0.296,0.246,0.352,0.495,0.36,129,0.4,17.2,3.2,3.6,11899
Ender Inciarte,Braves,131,578,3,85,29,16,7.8 %,11.8 %,0.09,0.329,0.291,0.351,0.381,0.319,97,4.3,1.8,14.8,3.6,4922
Bryce Harper,Nationals,147,627,24,84,86,21,17.2 %,18.7 %,0.198,0.264,0.243,0.373,0.441,0.343,112,2.4,11.8,2.3,3.5,11579
J.T. Realmuto,Marlins,137,545,11,60,48,12,5.1 %,18.3 %,0.126,0.357,0.303,0.343,0.428,0.333,107,1.2,6.2,10.3,3.5,11739
Wilson Ramos,Nationals,131,523,22,58,80,0,6.7 %,15.1 %,0.189,0.327,0.307,0.354,0.496,0.361,124,-6.9,8.7,8.4,3.5,1433
Ian Desmond,Rangers,156,677,22,107,86,21,6.5 %,23.6 %,0.162,0.35,0.285,0.335,0.446,0.336,106,5.7,10.5,-0.8,3.3,6885
Trea Turner,Nationals,73,324,13,53,40,33,4.3 %,18.2 %,0.225,0.388,0.342,0.37,0.567,0.395,147,5.4,24,-2.1,3.3,16252
Martin Prado,Marlins,153,658,8,70,75,2,7.4 %,10.5 %,0.112,0.331,0.305,0.359,0.417,0.335,109,-1.7,5.4,5.5,3.2,3312
Ryan Braun,Brewers,135,564,30,80,91,16,8.2 %,17.4 %,0.233,0.326,0.305,0.365,0.538,0.378,133,-0.4,22.5,-8.8,3.2,3410
Kevin Pillar,Blue Jays,146,584,7,59,53,14,4.1 %,15.4 %,0.109,0.306,0.266,0.303,0.376,0.295,80,1.8,-11.9,23.6,3.2,12434
Gary Sanchez,Yankees,53,229,20,34,42,1,10.5 %,24.9 %,0.358,0.317,0.299,0.376,0.657,0.425,171,-1,18.5,4.9,3.2,11442
Matt Carpenter,Cardinals,129,566,21,81,68,0,14.3 %,19.1 %,0.235,0.307,0.271,0.38,0.505,0.375,135,-3.1,21.6,-8.7,3.2,8090
Yoenis Cespedes,Mets,132,543,31,72,86,3,9.4 %,19.9 %,0.251,0.298,0.28,0.354,0.53,0.369,134,-0.2,22.8,-9.2,3.2,13110
Andrelton Simmons,Angels,124,483,4,48,44,10,5.8 %,7.9 %,0.085,0.298,0.281,0.324,0.366,0.302,91,-1.5,-6.6,20.8,3.1,10847
Billy Hamilton,Reds,119,460,3,69,17,58,7.8 %,20.2 %,0.083,0.329,0.26,0.321,0.343,0.294,78,12.8,0.4,14.9,3.1,10199
Jarrod Dyson,Royals,107,337,1,46,25,30,7.7 %,11.6 %,0.11,0.315,0.278,0.34,0.388,0.316,94,5.4,3.1,15.3,3.1,4866
Jonathan Villar,Brewers,156,679,19,92,63,62,11.6 %,25.6 %,0.171,0.373,0.285,0.369,0.457,0.356,118,3.2,18.3,-10.4,3,10071
Asdrubal Cabrera,Mets,141,568,23,65,62,5,6.7 %,18.1 %,0.194,0.31,0.28,0.336,0.474,0.345,119,-3.7,9.2,1.8,3,4962
Yasmani Grandal,Dodgers,126,457,27,49,72,1,14.0 %,25.4 %,0.249,0.25,0.228,0.339,0.477,0.35,122,-5.5,7,7.3,2.9,11368
Troy Tulowitzki,Blue Jays,131,544,24,54,79,1,7.9 %,18.6 %,0.189,0.272,0.254,0.318,0.443,0.327,102,-2.7,-1.2,10.4,2.8,3531
Adam Duvall,Reds,150,608,33,85,103,6,6.7 %,27.0 %,0.257,0.275,0.241,0.297,0.498,0.333,104,0.8,4,4.4,2.8,10950
Trevor Story,Rockies,97,415,27,67,72,8,8.4 %,31.3 %,0.296,0.343,0.272,0.341,0.567,0.38,120,2,12.4,1.6,2.8,12564
Yangervis Solarte,Padres,109,443,15,55,71,1,6.8 %,14.2 %,0.18,0.306,0.286,0.341,0.467,0.346,118,0.6,10.4,2.6,2.8,5352
Logan Forsythe,Rays,127,567,20,76,52,6,8.1 %,22.4 %,0.18,0.314,0.264,0.333,0.444,0.336,113,0.3,9.2,-1.5,2.8,7185
Stephen Piscotty,Cardinals,153,649,22,86,85,7,7.9 %,20.5 %,0.184,0.319,0.273,0.343,0.457,0.345,115,-3.4,8.9,-2.6,2.8,13367
Chris Davis,Orioles,157,665,38,99,84,1,13.2 %,32.9 %,0.239,0.279,0.221,0.332,0.459,0.34,111,4.3,13.1,-8.9,2.7,9272
Javier Baez,Cubs,142,450,14,50,59,12,3.3 %,24.0 %,0.15,0.336,0.273,0.314,0.423,0.316,94,2.5,-0.5,12.7,2.7,12979
Eduardo Nunez,- - -,141,595,16,73,67,40,4.9 %,14.8 %,0.145,0.314,0.288,0.325,0.432,0.324,102,2.8,3.9,2.6,2.7,6848
Didi Gregorius,Yankees,153,597,20,68,70,7,3.2 %,13.7 %,0.171,0.29,0.276,0.304,0.447,0.319,98,3.6,2,3.8,2.7,6012
Aledmys Diaz,Cardinals,111,460,17,71,65,4,8.9 %,13.0 %,0.21,0.312,0.3,0.369,0.51,0.37,132,-2.9,15.1,-3.6,2.7,15937
Curtis Granderson,Mets,150,633,30,88,59,4,11.7 %,20.5 %,0.228,0.254,0.237,0.335,0.464,0.339,114,2.1,13.2,-7.6,2.6,4747
Chase Headley,Yankees,140,529,14,58,51,8,9.6 %,22.3 %,0.133,0.303,0.251,0.329,0.383,0.311,92,3.9,-1,8.5,2.6,4720
Hanley Ramirez,Red Sox,147,620,30,81,111,9,9.7 %,19.4 %,0.219,0.315,0.286,0.361,0.505,0.367,127,-1.4,18.6,-14.5,2.6,8001
Evan Gattis,Astros,128,499,32,58,72,2,8.6 %,25.5 %,0.257,0.273,0.251,0.319,0.508,0.345,119,-2.1,9.1,-0.9,2.6,11003
Devon Travis,Blue Jays,101,432,11,54,50,4,4.6 %,20.1 %,0.154,0.358,0.3,0.332,0.454,0.337,109,2.5,7.4,2.7,2.5,13862
Khris Davis,Athletics,150,610,42,85,102,1,6.9 %,27.2 %,0.277,0.27,0.247,0.307,0.524,0.349,123,-2.9,14,-10,2.5,9112
Gregory Polanco,Pirates,144,587,22,79,86,17,9.0 %,20.3 %,0.205,0.291,0.258,0.323,0.463,0.331,108,0.4,6,0.1,2.5,12907
Jake Lamb,Diamondbacks,151,594,29,81,91,6,10.8 %,25.9 %,0.26,0.294,0.249,0.332,0.509,0.352,114,4.5,14.7,-9,2.5,13329
Tyler Naquin,Indians,116,365,14,52,43,6,9.9 %,30.7 %,0.218,0.411,0.296,0.372,0.514,0.374,135,1.7,17.1,-5,2.5,13359
Sandy Leon,Red Sox,78,283,7,36,35,0,8.1 %,23.3 %,0.167,0.392,0.31,0.369,0.476,0.362,123,-1.2,6.8,7.9,2.5,5273
Zack Cozart,Reds,121,508,16,67,50,4,7.3 %,16.5 %,0.172,0.274,0.252,0.308,0.425,0.312,91,-0.4,-6.4,14.5,2.5,2616
Marcus Semien,Athletics,159,621,27,72,75,10,8.2 %,22.4 %,0.197,0.268,0.238,0.3,0.435,0.315,100,-0.3,-0.6,3.4,2.5,12533
Ryan Schimpf,Padres,89,330,20,48,51,1,12.7 %,31.8 %,0.315,0.26,0.217,0.336,0.533,0.362,129,4.2,16.1,-2.7,2.4,9953
Brett Gardner,Yankees,148,634,7,80,41,16,11.0 %,16.7 %,0.101,0.31,0.261,0.351,0.362,0.317,97,7.3,4.9,-2.6,2.4,9927
Marcell Ozuna,Marlins,148,608,23,75,76,0,7.1 %,18.9 %,0.187,0.296,0.266,0.321,0.452,0.33,105,-0.8,2.9,1.6,2.4,10324
Lorenzo Cain,Royals,103,434,9,56,56,14,7.1 %,19.4 %,0.121,0.341,0.287,0.339,0.408,0.322,98,1.2,0.2,8.9,2.4,9077
Yadier Molina,Cardinals,147,581,8,56,58,3,6.7 %,10.8 %,0.12,0.335,0.307,0.36,0.427,0.342,113,-8.7,0.7,4.7,2.4,7007
Tim Anderson,White Sox,99,431,9,57,30,10,3.0 %,27.1 %,0.149,0.375,0.283,0.306,0.432,0.315,95,0.4,-2.2,10.8,2.4,15172
Todd Frazier,White Sox,158,666,40,89,98,15,9.6 %,24.5 %,0.239,0.236,0.225,0.302,0.464,0.326,102,0.8,2.7,-2.1,2.4,785
Freddy Galvis,Phillies,158,624,20,61,67,17,4.0 %,21.8 %,0.158,0.28,0.241,0.274,0.399,0.284,74,1.2,-18.7,22,2.4,6609
J.J. Hardy,Orioles,115,438,9,43,48,0,5.9 %,15.5 %,0.138,0.299,0.269,0.309,0.407,0.307,88,-2.3,-8.6,16.3,2.3,3797
Carlos Beltran,- - -,151,593,29,73,93,1,5.9 %,17.0 %,0.217,0.315,0.295,0.337,0.513,0.358,124,-3.9,13.1,-10.8,2.3,589
Jedd Gyorko,Cardinals,128,438,30,58,59,0,8.4 %,21.9 %,0.253,0.244,0.243,0.306,0.495,0.339,111,0,6,2.4,2.3,10816
Jung Ho Kang,Pirates,103,370,21,45,62,3,9.7 %,21.4 %,0.258,0.273,0.255,0.354,0.513,0.369,133,-3.1,12,-1.8,2.2,17182
Leonys Martin,Mariners,143,576,15,72,47,24,7.6 %,25.9 %,0.131,0.313,0.247,0.306,0.378,0.298,88,4.6,-3.8,5.8,2.2,11846
Salvador Perez,Royals,139,546,22,57,64,0,4.0 %,21.8 %,0.191,0.28,0.247,0.288,0.438,0.308,88,-4.1,-11.8,14.7,2.2,7304
Willson Contreras,Cubs,76,283,12,33,35,2,9.2 %,23.7 %,0.206,0.339,0.282,0.357,0.488,0.363,126,-1.2,7.9,4.5,2.2,11609
Randal Grichuk,Cardinals,132,478,24,66,68,5,5.9 %,29.5 %,0.24,0.294,0.24,0.289,0.48,0.325,102,2.4,3.5,2.5,2.2,10243
Mark Trumbo,Orioles,159,667,47,94,108,2,7.6 %,25.5 %,0.277,0.278,0.256,0.316,0.533,0.358,123,-2,16.7,-18.3,2.2,6876
Joe Panik,Giants,127,526,10,67,62,5,9.5 %,8.9 %,0.14,0.245,0.239,0.315,0.379,0.3,89,2.2,-5.2,9.3,2.1,11936
Travis Jankowski,Padres,131,383,2,53,12,30,11.0 %,26.1 %,0.069,0.343,0.245,0.332,0.313,0.293,82,3.1,-5.2,13.5,2.1,13768
Elvis Andrus,Rangers,147,568,8,75,69,24,8.3 %,12.3 %,0.136,0.333,0.302,0.362,0.439,0.344,112,1.8,9.9,-8.7,2.1,8709
Angel Pagan,Giants,129,543,12,71,55,15,7.7 %,12.2 %,0.141,0.298,0.277,0.331,0.418,0.324,105,1.9,4.9,-1.8,2.1,2918
Hunter Pence,Giants,106,442,13,58,57,1,9.7 %,21.5 %,0.162,0.348,0.289,0.357,0.451,0.349,121,-2.7,8.9,-2.5,2.1,8252
Keon Broxton,Brewers,75,244,9,28,19,23,14.8 %,36.1 %,0.188,0.373,0.242,0.354,0.43,0.343,109,3.5,6.4,6.3,2.1,9253
Jose Iglesias,Tigers,137,513,4,57,32,7,5.5 %,9.7 %,0.081,0.276,0.255,0.306,0.336,0.283,73,1.8,-14.8,17.6,2.1,10231
Steve Pearce,- - -,85,302,13,35,35,0,11.3 %,17.9 %,0.205,0.318,0.288,0.374,0.492,0.371,136,0.2,13.2,-3.6,2,9957
Jacoby Ellsbury,Yankees,148,626,9,71,56,20,8.6 %,13.4 %,0.111,0.295,0.263,0.33,0.374,0.308,91,2.7,-4.2,2.7,2,4727
Cameron Maybin,Tigers,94,391,4,65,43,15,9.2 %,17.6 %,0.103,0.383,0.315,0.383,0.418,0.352,120,2.5,11.9,-5.6,2,5223
Chase Utley,Dodgers,138,565,14,79,52,2,7.1 %,20.4 %,0.145,0.299,0.252,0.319,0.396,0.312,97,1.3,-1.1,2.7,2,1679
Adam Rosales,Padres,105,248,13,37,35,4,11.7 %,35.5 %,0.266,0.308,0.229,0.319,0.495,0.34,114,2.9,7.2,4.5,2,9682
Jonathan Schoop,Orioles,162,647,25,82,82,1,3.2 %,21.2 %,0.187,0.305,0.267,0.298,0.454,0.32,97,-0.5,-2.5,0.1,2,11265
Luis Valbuena,Astros,90,342,13,38,40,1,12.9 %,23.7 %,0.199,0.315,0.26,0.357,0.459,0.351,123,-0.1,9.2,-1.3,2,4969
Derek Dietrich,Marlins,128,412,7,39,42,1,7.8 %,20.4 %,0.145,0.343,0.279,0.374,0.425,0.348,117,-2.5,6.4,-0.1,2,10542
Brad Miller,Rays,152,601,30,73,81,6,7.8 %,24.8 %,0.239,0.277,0.243,0.304,0.482,0.333,111,1.6,9.7,-10.9,2,12775
Rajai Davis,Indians,134,495,12,74,48,43,6.7 %,21.4 %,0.139,0.299,0.249,0.306,0.388,0.302,85,10,1.3,1.2,2,3708
Rougned Odor,Rangers,150,632,33,89,88,14,3.0 %,21.4 %,0.231,0.297,0.271,0.296,0.502,0.336,106,4.1,8.7,-11,2,12282
Sean Rodriguez,Pirates,140,342,18,49,56,2,9.6 %,29.8 %,0.24,0.344,0.27,0.349,0.51,0.363,129,-1.1,11.2,-3.6,1.9,6589
Russell Martin,Blue Jays,137,535,20,62,74,2,12.0 %,27.7 %,0.167,0.291,0.231,0.335,0.398,0.322,99,-1.7,-2.4,2.7,1.9,4616
Greg Garcia,Cardinals,99,257,3,33,17,1,14.8 %,19.5 %,0.093,0.346,0.276,0.393,0.369,0.338,111,1.8,5.2,5,1.9,10951
David Freese,Pirates,141,492,13,63,55,0,9.1 %,28.9 %,0.142,0.372,0.27,0.352,0.412,0.334,110,-4.2,1.7,0.9,1.9,9549
Carlos Gonzalez,Rockies,150,632,25,87,100,2,7.3 %,20.4 %,0.207,0.346,0.298,0.35,0.505,0.361,108,-1.4,4.7,-6.5,1.9,7287
Nick Castellanos,Tigers,110,447,18,54,58,1,6.3 %,24.8 %,0.212,0.345,0.285,0.331,0.496,0.35,119,-1.6,8.5,-5.4,1.9,11737
J.D. Martinez,Tigers,120,517,22,69,68,1,9.5 %,24.8 %,0.228,0.378,0.307,0.373,0.535,0.384,142,-3.4,22.8,-22.6,1.8,6184
Stephen Vogt,Athletics,137,532,14,54,56,0,6.6 %,15.6 %,0.155,0.275,0.251,0.305,0.406,0.305,93,0.8,-3.9,3.4,1.8,5000
Danny Espinosa,Nationals,157,601,24,66,72,9,9.0 %,29.0 %,0.169,0.261,0.209,0.306,0.378,0.294,79,5.1,-10.5,8.3,1.7,9219
Giancarlo Stanton,Marlins,119,470,27,56,74,0,10.6 %,29.8 %,0.249,0.29,0.24,0.326,0.489,0.344,114,0,8.3,-6.3,1.7,4949
Byron Buxton,Twins,92,331,10,44,38,10,6.9 %,35.6 %,0.205,0.329,0.225,0.284,0.43,0.304,86,5.8,0.4,5.3,1.7,14161
Matt Wieters,Orioles,124,464,17,48,66,1,6.9 %,18.3 %,0.165,0.265,0.243,0.302,0.409,0.307,88,-0.5,-7.2,8.2,1.7,4298
David Ross,Cubs,67,205,10,24,32,0,14.6 %,26.3 %,0.217,0.262,0.229,0.338,0.446,0.326,101,0.9,1.2,8.8,1.7,1551
C.J. Cron,Angels,116,445,16,51,69,2,5.4 %,16.9 %,0.189,0.302,0.278,0.325,0.467,0.337,115,-2.8,5.5,-4.1,1.7,12546
Eugenio Suarez,Reds,159,627,21,78,70,11,8.1 %,24.7 %,0.163,0.304,0.248,0.317,0.411,0.316,93,-1,-6.3,2.8,1.7,12552
Whit Merrifield,Royals,81,332,2,44,29,8,5.7 %,21.7 %,0.109,0.361,0.283,0.323,0.392,0.309,89,3.7,-0.5,5.4,1.7,11281
Welington Castillo,Diamondbacks,113,457,14,41,68,2,7.2 %,26.5 %,0.159,0.337,0.264,0.322,0.423,0.319,92,-3.4,-8.1,9.8,1.7,3256
Francisco Cervelli,Pirates,101,393,1,42,33,6,14.2 %,18.3 %,0.058,0.329,0.264,0.377,0.322,0.318,99,-0.3,-0.7,4.4,1.7,5275
Andrew Toles,Dodgers,48,115,3,19,16,1,7.0 %,21.7 %,0.19,0.385,0.314,0.365,0.505,0.365,132,2.2,6.8,5.5,1.6,13414
Cameron Rupp,Phillies,105,419,16,36,54,1,5.7 %,27.2 %,0.195,0.315,0.252,0.303,0.447,0.321,99,-2.6,-3.2,5.8,1.6,11146
Paulo Orlando,Royals,128,484,5,52,43,14,2.7 %,21.7 %,0.103,0.38,0.302,0.329,0.405,0.317,95,0.8,-2.3,1.7,1.6,8628
Jose Abreu,White Sox,159,695,25,67,100,0,6.8 %,18.0 %,0.175,0.327,0.293,0.353,0.468,0.349,118,-5.7,9.4,-17.3,1.6,15676
Jason Heyward,Cubs,142,592,7,61,49,11,9.1 %,15.7 %,0.094,0.266,0.23,0.306,0.325,0.282,72,2,-18.5,15.4,1.6,4940
Yunel Escobar,Angels,132,567,5,68,39,0,7.1 %,11.8 %,0.087,0.339,0.304,0.355,0.391,0.327,108,-5.6,0.2,-3.9,1.6,4191
Melky Cabrera,White Sox,151,646,14,70,86,2,7.3 %,10.7 %,0.159,0.314,0.296,0.345,0.455,0.342,114,-3.5,7.2,-14,1.6,4022
Carlos Ruiz,- - -,62,233,3,21,15,3,11.6 %,14.2 %,0.085,0.303,0.264,0.365,0.348,0.321,99,-0.2,-0.4,8.1,1.5,2579
Chris Herrmann,Diamondbacks,56,166,6,21,28,4,9.6 %,26.5 %,0.209,0.364,0.284,0.352,0.493,0.358,117,2.1,5.7,4.1,1.5,9284
Corey Dickerson,Rays,148,548,24,57,70,0,6.0 %,24.5 %,0.224,0.285,0.245,0.293,0.469,0.319,101,-1.2,-0.4,-3.6,1.5,10762
Travis Shaw,Red Sox,145,530,16,63,71,5,8.1 %,25.1 %,0.179,0.299,0.242,0.306,0.421,0.31,87,-1.4,-9.5,6.1,1.5,11982
Jefry Marte,Angels,88,284,15,38,44,2,6.3 %,20.8 %,0.229,0.267,0.252,0.31,0.481,0.335,114,-1.4,3.6,1.3,1.5,5107
Josh Harrison,Pirates,131,522,4,57,59,19,3.4 %,14.6 %,0.105,0.323,0.283,0.311,0.388,0.301,87,3.2,-5,2.9,1.5,8202
Darwin Barney,Blue Jays,104,306,4,35,19,2,7.2 %,15.7 %,0.104,0.31,0.269,0.322,0.373,0.303,86,-0.4,-5.5,9.5,1.5,2430
Denard Span,Giants,143,637,11,70,53,12,8.3 %,12.4 %,0.115,0.291,0.266,0.331,0.381,0.312,96,2.8,0,-6.1,1.4,8347
Maikel Franco,Phillies,152,630,25,67,88,1,6.3 %,16.8 %,0.172,0.271,0.255,0.306,0.427,0.311,92,-1.2,-7.3,1.3,1.4,12179
Michael Saunders,Blue Jays,140,558,24,70,57,1,10.6 %,28.1 %,0.224,0.321,0.253,0.338,0.478,0.348,117,-0.9,10.3,-15.3,1.4,9981
Justin Upton,Tigers,153,626,31,81,87,9,8.0 %,28.6 %,0.219,0.301,0.246,0.31,0.465,0.329,105,1.6,5.2,-12.8,1.4,5222
Brandon Moss,Cardinals,128,464,28,66,67,1,8.4 %,30.4 %,0.259,0.261,0.225,0.3,0.484,0.329,105,0.3,2.9,-4,1.4,4467
Adam Jones,Orioles,152,672,29,86,83,2,5.8 %,17.1 %,0.171,0.28,0.265,0.31,0.436,0.319,96,1.6,-1.5,-7.8,1.4,6368
Colby Rasmus,Astros,107,417,15,38,54,4,10.3 %,29.0 %,0.149,0.257,0.206,0.286,0.355,0.282,75,0.6,-11.9,11.1,1.4,9893
Ichiro Suzuki,Marlins,143,365,1,48,22,10,8.2 %,11.5 %,0.086,0.329,0.291,0.354,0.376,0.32,99,1.3,0.8,0.9,1.4,1101
Jose Bautista,Blue Jays,116,517,22,68,69,2,16.8 %,19.9 %,0.217,0.255,0.234,0.366,0.452,0.355,122,-5.2,8.1,-12.4,1.4,1887
Miguel Sano,Twins,116,495,25,57,66,1,10.9 %,36.0 %,0.227,0.329,0.236,0.319,0.462,0.334,107,-1.4,2.8,-6.5,1.3,12164
Brian McCann,Yankees,130,492,20,56,58,1,11.0 %,20.1 %,0.17,0.269,0.242,0.335,0.413,0.326,103,-3.6,-1.8,-1.9,1.3,4810
Steven Souza Jr.,Rays,120,468,17,58,49,7,6.6 %,34.0 %,0.163,0.348,0.247,0.303,0.409,0.308,94,2.4,-0.8,-2.3,1.3,5667
Adrian Gonzalez,Dodgers,156,633,18,69,90,0,8.7 %,18.5 %,0.15,0.328,0.285,0.349,0.435,0.334,112,-4.9,4.3,-11.8,1.3,1908
Michael Conforto,Mets,109,348,12,38,42,2,10.3 %,25.6 %,0.194,0.267,0.22,0.31,0.414,0.312,96,1.2,-0.5,1.9,1.3,16376
Justin Bour,Marlins,90,321,15,35,51,0,11.8 %,17.4 %,0.211,0.278,0.264,0.349,0.475,0.343,114,-0.1,5.5,-3.3,1.3,9744
Jordy Mercer,Pirates,149,584,11,66,59,1,8.7 %,14.2 %,0.118,0.286,0.256,0.328,0.374,0.304,89,3.6,-4.2,-2,1.3,6547
Jose Reyes,Mets,60,279,8,45,24,9,8.2 %,17.6 %,0.176,0.302,0.267,0.326,0.443,0.329,108,2,4.6,-1.2,1.3,1736
Matt Joyce,Pirates,140,293,13,45,42,1,20.1 %,22.9 %,0.221,0.285,0.242,0.403,0.463,0.375,137,-1.1,12.4,-9.4,1.3,3353
Matt Duffy,- - -,91,366,5,41,28,8,6.3 %,14.5 %,0.099,0.29,0.258,0.31,0.357,0.292,84,-2.8,-10.1,10.5,1.2,13836
Tyler Saladino,White Sox,93,319,8,33,38,11,4.1 %,19.4 %,0.128,0.329,0.282,0.315,0.409,0.313,93,0.1,-2.5,3.8,1.2,10807
Kolten Wong,Cardinals,121,361,5,39,23,7,9.4 %,14.4 %,0.115,0.268,0.24,0.327,0.355,0.3,85,1.8,-5,5.5,1.2,12532
Alex Gordon,Royals,128,506,17,62,40,8,10.3 %,29.2 %,0.16,0.288,0.22,0.312,0.38,0.303,85,0.7,-8.5,3.2,1.2,5209
Mike Zunino,Mariners,55,192,12,16,31,0,10.9 %,33.9 %,0.262,0.25,0.207,0.318,0.47,0.338,115,-0.8,2.8,2.6,1.2,13265
David Dahl,Rockies,63,237,7,42,24,5,6.3 %,24.9 %,0.185,0.404,0.315,0.359,0.5,0.367,111,2.8,6.1,-1.8,1.2,13744
Josh Reddick,- - -,115,439,10,53,37,8,8.9 %,12.8 %,0.123,0.306,0.281,0.345,0.405,0.324,106,0.7,3.5,-6.3,1.2,3892
Nomar Mazara,Rangers,145,568,20,59,64,0,6.9 %,19.7 %,0.153,0.299,0.266,0.32,0.419,0.318,94,-3.3,-7.5,-0.2,1.2,14553
Melvin Upton Jr.,- - -,149,539,20,64,61,27,6.9 %,28.8 %,0.165,0.3,0.238,0.291,0.402,0.297,84,5.7,-4.5,-1.5,1.2,5015
Lonnie Chisenhall,Indians,126,418,8,43,57,6,5.5 %,16.7 %,0.153,0.328,0.286,0.328,0.439,0.327,103,2.7,4,-6.8,1.2,7571
Norichika Aoki,Mariners,118,467,4,63,28,7,7.3 %,9.6 %,0.106,0.309,0.283,0.349,0.388,0.325,106,0.7,4.3,-8.8,1.2,13075
Brandon Guyer,- - -,101,345,9,39,32,3,5.5 %,15.9 %,0.157,0.3,0.266,0.372,0.423,0.351,122,-2.6,6.6,-6.9,1.2,2636
Hernan Perez,Brewers,123,430,13,50,56,34,4.2 %,21.9 %,0.156,0.322,0.272,0.302,0.428,0.312,89,6,0,-2.4,1.2,5751
Ryon Healy,Athletics,72,283,13,36,37,0,4.2 %,21.2 %,0.219,0.352,0.305,0.337,0.524,0.364,134,-1.5,9.9,-8.3,1.1,15447
Jon Jay,Padres,90,373,2,49,26,2,5.1 %,20.9 %,0.098,0.371,0.291,0.339,0.389,0.319,100,3.3,3.3,-4,1.1,5227
Jason Castro,Astros,113,376,11,41,32,2,12.0 %,32.7 %,0.167,0.297,0.21,0.307,0.377,0.301,88,-3.3,-8.5,6.8,1.1,8722
Danny Valencia,Athletics,130,517,17,72,51,1,7.9 %,22.2 %,0.159,0.346,0.287,0.346,0.446,0.342,118,-1.5,9.7,-16.2,1.1,6364
Nick Markakis,Braves,158,684,13,67,89,0,10.4 %,14.8 %,0.129,0.3,0.269,0.346,0.397,0.321,98,-2.4,-4.2,-6.5,1.1,5930
Conor Gillaspie,Giants,101,205,6,24,25,1,5.9 %,13.7 %,0.178,0.278,0.262,0.307,0.44,0.314,98,-0.1,-0.7,5.2,1.1,9009
Pedro Alvarez,Orioles,109,376,22,43,49,1,9.8 %,25.8 %,0.255,0.282,0.249,0.322,0.504,0.349,117,2.1,9.9,-11.7,1.1,2495
Alex Avila,White Sox,57,209,7,19,11,0,18.2 %,37.3 %,0.16,0.341,0.213,0.359,0.373,0.329,104,-2.1,-1,4.7,1.1,7476
Chris Young,Red Sox,76,227,9,29,24,4,9.3 %,22.0 %,0.222,0.326,0.276,0.352,0.498,0.364,125,0.9,7.6,-4.6,1.1,3882
Aaron Hill,- - -,125,429,10,48,38,4,9.6 %,13.8 %,0.116,0.284,0.262,0.336,0.378,0.313,89,2.3,-3.5,0.1,1.1,6104
Starlin Castro,Yankees,151,610,21,63,70,4,3.9 %,19.3 %,0.163,0.305,0.27,0.3,0.433,0.313,94,-1.6,-6.1,-4.1,1.1,4579
Max Kepler,Twins,113,447,17,52,63,6,9.4 %,20.8 %,0.189,0.261,0.235,0.309,0.424,0.313,93,4.4,0.6,-5.4,1.1,12144
Tyler Flowers,Braves,83,325,8,27,41,0,8.9 %,28.0 %,0.149,0.366,0.27,0.357,0.42,0.338,110,-2.7,1.2,-1.1,1.1,9134
Tim Beckham,Rays,64,215,5,25,16,2,6.5 %,31.2 %,0.187,0.349,0.247,0.3,0.434,0.314,98,-1,-1.5,4.6,1.1,7949
Jayson Werth,Nationals,143,606,21,84,69,5,11.7 %,22.9 %,0.173,0.288,0.244,0.335,0.417,0.327,101,2.3,3.4,-12.4,1.1,1327
Madison Bumgarner,Giants,36,97,3,8,9,0,10.3 %,44.3 %,0.174,0.317,0.186,0.268,0.36,0.274,71,0,-3.5,10.5,1,5524
Alex Bregman,Astros,49,217,8,31,34,2,6.9 %,24.0 %,0.214,0.317,0.264,0.313,0.478,0.336,112,0.6,3.8,-1.2,1,17678
Yasiel Puig,Dodgers,104,368,11,45,45,5,6.5 %,20.1 %,0.153,0.306,0.263,0.323,0.416,0.32,102,0.4,1.4,-3.2,1,14225
Mike Napoli,Indians,150,645,34,92,101,5,12.1 %,30.1 %,0.226,0.296,0.239,0.335,0.465,0.343,113,-5.2,5.2,-17.3,1,3057
Kirk Nieuwenhuis,Brewers,125,392,13,38,44,8,14.3 %,33.9 %,0.176,0.302,0.209,0.324,0.385,0.313,89,-0.2,-5.5,2.8,1,6400
Joe Mauer,Twins,134,576,11,68,49,2,13.7 %,16.1 %,0.128,0.301,0.261,0.363,0.389,0.327,102,-2.2,-0.6,-9.4,1,1857
Dee Gordon,Marlins,79,345,1,47,14,30,5.2 %,15.9 %,0.068,0.319,0.268,0.305,0.335,0.28,72,6.2,-5.9,4.1,0.9,8203
Eddie Rosario,Twins,92,354,10,52,32,5,3.4 %,25.7 %,0.152,0.338,0.269,0.295,0.421,0.304,86,4.1,-1.6,-1.4,0.9,12155
Howie Kendrick,Dodgers,146,543,8,65,40,10,9.2 %,17.7 %,0.111,0.301,0.255,0.326,0.366,0.303,91,2.4,-3.7,-4.6,0.9,4229
Chris Iannetta,Mariners,94,338,7,23,24,0,11.2 %,24.6 %,0.119,0.266,0.21,0.303,0.329,0.282,77,-0.9,-10.1,7.5,0.9,8267
Jake Arrieta,Cubs,31,70,2,7,7,0,5.7 %,40.0 %,0.154,0.429,0.262,0.304,0.415,0.31,91,0,-0.8,7.6,0.9,4153
Brandon Phillips,Reds,141,584,11,74,64,14,3.1 %,11.6 %,0.125,0.312,0.291,0.32,0.416,0.315,92,-3.6,-9.3,-0.4,0.9,791
Hyun Soo Kim,Orioles,95,346,6,36,22,1,10.4 %,14.7 %,0.118,0.345,0.302,0.382,0.42,0.352,119,-0.5,7.6,-10.5,0.9,18718
Chris Carter,Brewers,160,644,41,84,94,3,11.8 %,32.0 %,0.277,0.26,0.222,0.321,0.499,0.346,112,-4.1,5.1,-16.9,0.9,9911
Albert Pujols,Angels,152,650,31,71,119,4,7.5 %,11.5 %,0.189,0.26,0.268,0.323,0.457,0.331,111,-6,2.7,-16.1,0.9,1177
Victor Martinez,Tigers,154,610,27,65,86,0,8.2 %,14.8 %,0.186,0.303,0.289,0.351,0.476,0.351,120,-11.4,3,-15.1,0.9,393
Adam Wainwright,Cardinals,34,69,2,6,18,0,2.9 %,24.6 %,0.258,0.279,0.226,0.25,0.484,0.305,89,0,-1,7.5,0.9,2233
Tucker Barnhart,Reds,115,420,7,34,51,1,8.6 %,17.1 %,0.122,0.299,0.257,0.323,0.379,0.3,82,-6.5,-15.7,11,0.9,10200
Tony Wolters,Rockies,71,230,3,27,30,4,9.1 %,23.0 %,0.137,0.336,0.259,0.327,0.395,0.312,75,2,-5.1,6.5,0.9,11470
Albert Almora Jr.,Cubs,47,117,3,14,14,0,4.3 %,17.1 %,0.179,0.315,0.277,0.308,0.455,0.325,101,-1.2,-1,5.8,0.9,14109
Brett Lawrie,White Sox,94,384,12,35,36,7,7.8 %,28.4 %,0.165,0.325,0.248,0.31,0.413,0.311,92,3.3,-0.3,-4.3,0.9,5247
Juan Lagares,Mets,79,160,3,15,9,4,6.9 %,16.9 %,0.141,0.274,0.239,0.301,0.38,0.294,84,0.7,-2.5,5.8,0.9,5384
Tommy Joseph,Phillies,107,347,21,47,47,1,6.3 %,21.6 %,0.248,0.267,0.257,0.308,0.505,0.342,113,-2,3.4,-6,0.9,10349
Carlos Gomez,- - -,118,453,13,45,53,18,7.5 %,30.0 %,0.153,0.313,0.231,0.298,0.384,0.296,83,0.7,-8.5,1.5,0.9,4881
Jay Bruce,- - -,147,589,33,74,99,4,7.5 %,21.4 %,0.256,0.266,0.25,0.309,0.506,0.34,111,-2.9,4.8,-15.2,0.9,9892
Adonis Garcia,Braves,134,563,14,65,65,3,4.3 %,16.5 %,0.133,0.308,0.273,0.311,0.406,0.308,90,-1.5,-8.8,-0.8,0.9,13777
Robinson Chirinos,Rangers,57,170,9,21,20,0,8.8 %,25.9 %,0.259,0.25,0.224,0.314,0.483,0.338,108,-1.2,0.4,2.1,0.8,3142
Martin Maldonado,Brewers,76,253,8,21,21,1,13.8 %,22.1 %,0.149,0.234,0.202,0.332,0.351,0.294,77,-0.3,-7.6,7.8,0.8,6887
Anthony Recker,Braves,33,112,2,6,15,1,14.3 %,19.6 %,0.156,0.343,0.278,0.394,0.433,0.361,125,0.2,3.6,1,0.8,4063
Dansby Swanson,Braves,38,145,3,20,17,3,9.0 %,23.4 %,0.14,0.383,0.302,0.361,0.442,0.334,107,1.1,2.3,1.1,0.8,18314
Noah Syndergaard,Mets,31,67,3,6,6,0,10.4 %,50.7 %,0.207,0.381,0.19,0.277,0.397,0.292,83,0,-1.4,7.2,0.8,11762
Kelby Tomlinson,Giants,52,120,0,13,6,5,10.0 %,15.0 %,0.038,0.352,0.292,0.37,0.33,0.314,98,2.1,1.8,2.1,0.8,13005
James McCann,Tigers,105,373,12,31,48,0,6.2 %,29.2 %,0.137,0.283,0.221,0.272,0.358,0.273,66,-4,-19,13.7,0.8,12859
Tom Murphy,Rockies,21,49,5,8,13,1,8.2 %,38.8 %,0.386,0.35,0.273,0.347,0.659,0.417,145,0.4,3.1,2.7,0.8,13499
Adam Frazier,Pirates,66,160,2,21,11,4,7.5 %,16.3 %,0.11,0.353,0.301,0.356,0.411,0.335,110,1.3,3.3,-1.1,0.7,15223
Ezequiel Carrera,Blue Jays,110,310,6,47,23,7,8.7 %,22.6 %,0.107,0.311,0.248,0.323,0.356,0.301,85,0.4,-5.3,1.9,0.7,9048
Andrew McCutchen,Pirates,153,675,24,81,79,6,10.2 %,21.2 %,0.174,0.297,0.256,0.336,0.43,0.329,106,-3,2.1,-16.5,0.7,9847
Marlon Byrd,Indians,34,129,5,11,19,0,8.5 %,29.5 %,0.183,0.347,0.27,0.326,0.452,0.328,104,0.9,1.5,1.2,0.7,950
Matt Szczur,Cubs,107,200,5,30,24,2,6.5 %,19.5 %,0.141,0.305,0.259,0.312,0.4,0.305,88,-1,-4.1,4.8,0.7,11255
Kendrys Morales,Royals,154,618,30,65,93,0,7.8 %,19.4 %,0.204,0.283,0.263,0.327,0.468,0.339,110,-5,2.3,-16.3,0.7,8610
Mike Moustakas,Royals,27,113,7,12,13,0,8.0 %,11.5 %,0.26,0.214,0.24,0.301,0.5,0.339,110,-1.1,0.3,2.8,0.7,4892
Stephen Drew,Nationals,70,165,8,24,21,0,9.7 %,18.8 %,0.259,0.278,0.266,0.339,0.524,0.362,124,-1.2,3.8,-2.1,0.7,4251
Jett Bandy,Angels,70,231,8,23,25,1,4.8 %,16.5 %,0.158,0.246,0.234,0.281,0.392,0.289,83,-3.5,-8.3,7.4,0.7,12508
Matt Kemp,- - -,156,672,35,89,108,1,5.4 %,23.2 %,0.231,0.297,0.268,0.304,0.499,0.333,109,-0.5,6.7,-21.3,0.7,5631
Robbie Grossman,Twins,99,389,11,49,37,2,14.1 %,24.7 %,0.163,0.364,0.28,0.386,0.443,0.363,127,1.1,13.8,-20.4,0.7,5254
Pedro Severino,Nationals,16,34,2,6,4,0,14.7 %,8.8 %,0.286,0.304,0.321,0.441,0.607,0.444,179,0.5,3.8,1.7,0.7,14523
Drew Butera,Royals,56,133,4,18,16,0,6.0 %,27.1 %,0.195,0.373,0.285,0.328,0.48,0.345,114,-1,1.2,0.8,0.7,3411
Matt Holliday,Cardinals,110,426,20,48,62,0,8.2 %,16.7 %,0.215,0.253,0.246,0.322,0.461,0.335,109,-3,1.6,-8.7,0.7,1873
Jose Peraza,Reds,72,256,3,25,25,21,2.7 %,12.9 %,0.087,0.361,0.324,0.352,0.411,0.331,103,1,1.9,-3.7,0.7,13593
Kelly Johnson,- - -,131,333,10,25,34,4,7.5 %,19.5 %,0.145,0.281,0.247,0.306,0.391,0.301,87,1.2,-4,-0.2,0.7,2234
Jorge Soler,Cubs,86,264,12,37,31,0,11.7 %,25.0 %,0.198,0.276,0.238,0.333,0.436,0.333,106,0,2,-4.1,0.7,14221
Alex Dickerson,Padres,84,285,10,39,37,5,9.1 %,15.4 %,0.198,0.274,0.257,0.333,0.455,0.336,112,-0.1,4,-6.9,0.6,12649
Patrick Corbin,Diamondbacks,38,53,0,7,4,0,1.9 %,26.4 %,0.102,0.429,0.306,0.32,0.408,0.313,88,-0.4,-1.2,5.7,0.6,9323
Mitch Haniger,Diamondbacks,34,123,5,9,17,0,9.8 %,22.0 %,0.174,0.256,0.229,0.309,0.404,0.303,81,-0.4,-3.2,5.4,0.6,14274
John Jaso,Pirates,132,432,8,45,42,0,10.4 %,17.1 %,0.145,0.314,0.268,0.353,0.413,0.335,111,-5.5,0.1,-7.9,0.6,5887
Andrew Romine,Tigers,109,194,2,21,16,8,6.7 %,19.6 %,0.086,0.291,0.236,0.304,0.322,0.279,71,1.8,-5.1,4.4,0.6,1159
Franklin Gutierrez,Mariners,98,283,14,33,39,1,10.2 %,30.0 %,0.206,0.309,0.246,0.329,0.452,0.336,114,0.9,5.6,-9.3,0.6,3255
Tommy La Stella,Cubs,74,169,2,17,11,0,10.7 %,16.0 %,0.135,0.319,0.27,0.357,0.405,0.333,106,1.2,2.5,-2,0.6,12371
Kennys Vargas,Twins,47,177,10,27,20,0,13.6 %,32.2 %,0.27,0.291,0.23,0.333,0.5,0.352,120,-0.7,3.5,-3.7,0.6,12101
Matt Adams,Cardinals,118,327,16,37,54,0,7.6 %,24.8 %,0.222,0.286,0.249,0.309,0.471,0.331,106,-2.7,-0.4,-4.4,0.6,9393
Hunter Renfroe,Padres,11,36,4,8,14,0,2.8 %,13.9 %,0.429,0.346,0.371,0.389,0.8,0.487,213,0.3,5.3,-0.8,0.6,15464
Andrew Benintendi,Red Sox,34,118,2,16,14,1,8.5 %,21.2 %,0.181,0.367,0.295,0.359,0.476,0.357,120,0.8,3.7,-2.1,0.6,17901
Chris Owings,Diamondbacks,119,466,5,52,49,21,4.3 %,18.7 %,0.14,0.334,0.277,0.315,0.416,0.311,86,2.8,-5.2,-4,0.6,10030
Scott Schebler,Reds,82,282,9,36,40,2,6.7 %,20.9 %,0.167,0.312,0.265,0.33,0.432,0.328,101,0.8,1.1,-4.5,0.6,12225
Kurt Suzuki,Twins,106,373,8,34,49,0,4.8 %,12.9 %,0.145,0.276,0.258,0.301,0.403,0.303,86,-4.3,-10.6,3.4,0.6,8259
T.J. Rivera,Mets,33,113,3,10,16,0,2.7 %,15.0 %,0.143,0.36,0.333,0.345,0.476,0.346,119,0.3,3,-1.2,0.6,12495
Logan Morrison,Rays,107,398,14,45,43,4,9.3 %,22.4 %,0.176,0.278,0.238,0.319,0.414,0.318,101,0.4,0.7,-9,0.5,9205
Mac Williamson,Giants,54,127,6,14,15,0,10.2 %,27.6 %,0.188,0.268,0.223,0.315,0.411,0.317,100,-1.9,-1.8,2.9,0.5,14158
Wilmer Flores,Mets,103,335,16,38,49,1,6.9 %,14.3 %,0.202,0.268,0.267,0.319,0.469,0.336,112,-4.8,0.3,-5.9,0.5,5827
Eric Fryer,- - -,60,133,0,19,13,0,9.8 %,18.8 %,0.052,0.333,0.267,0.336,0.319,0.293,81,-0.7,-3.8,4.6,0.5,8145
Phil Gosselin,Diamondbacks,122,240,2,26,13,3,6.3 %,19.2 %,0.091,0.339,0.277,0.324,0.368,0.302,81,2.5,-3.3,0.7,0.5,10953
Seth Smith,Mariners,137,438,16,62,63,0,11.0 %,20.3 %,0.167,0.282,0.249,0.342,0.415,0.331,110,-2.4,3.1,-13,0.5,7331
Mallex Smith,Braves,72,215,3,28,22,16,9.3 %,22.3 %,0.127,0.302,0.238,0.316,0.365,0.3,84,0,-4.3,2.5,0.5,13608
Ronald Torreyes,Yankees,72,168,1,20,12,2,6.0 %,11.9 %,0.116,0.289,0.258,0.305,0.374,0.295,81,0.9,-2.9,2.1,0.5,11400
Ryan Rua,Rangers,99,269,8,40,22,9,7.8 %,28.3 %,0.142,0.342,0.258,0.331,0.4,0.317,93,2.4,0.2,-4.5,0.5,12409
Shin-Soo Choo,Rangers,48,210,7,27,17,6,11.9 %,21.9 %,0.157,0.288,0.242,0.357,0.399,0.334,105,0.9,2.2,-4.5,0.5,3174
Jason Hammel,Cubs,35,69,0,6,7,0,1.4 %,34.8 %,0.046,0.39,0.246,0.258,0.292,0.24,44,0,-4.8,7.5,0.5,4538
Francisco Liriano,Pirates,23,42,1,2,5,0,0.0 %,38.1 %,0.095,0.44,0.286,0.286,0.381,0.287,78,0,-1.2,4.5,0.5,3201
David Wright,Mets,37,164,7,18,14,3,15.9 %,33.5 %,0.212,0.32,0.226,0.35,0.438,0.344,117,0.1,3.6,-4.2,0.5,3787
Wilmer Difo,Nationals,31,66,1,14,7,3,12.1 %,18.2 %,0.103,0.333,0.276,0.364,0.379,0.325,100,1,0.9,1.6,0.5,14320
Rene Rivera,Mets,65,207,6,12,26,0,7.7 %,26.1 %,0.119,0.276,0.222,0.291,0.341,0.273,70,-0.5,-8.2,6.2,0.5,3648
Avisail Garcia,White Sox,120,453,12,59,51,4,7.5 %,25.4 %,0.14,0.309,0.245,0.307,0.385,0.302,86,0.3,-7.4,-3.5,0.5,5760
Jose Fernandez,Marlins,30,61,0,3,6,0,1.6 %,21.3 %,0.038,0.333,0.25,0.264,0.288,0.242,46,0,-4.1,6.6,0.5,11530
Blake Swihart,Red Sox,19,74,0,9,5,0,14.9 %,23.0 %,0.097,0.348,0.258,0.365,0.355,0.321,95,1.1,0.7,1.1,0.4,13176
Trayce Thompson,Dodgers,80,262,13,31,32,5,9.9 %,25.2 %,0.212,0.255,0.225,0.302,0.436,0.318,101,4.3,4.5,-8.5,0.4,9952
Daniel Descalso,Rockies,99,289,8,38,38,3,11.8 %,19.4 %,0.16,0.305,0.264,0.349,0.424,0.332,88,1.8,-2.4,-2.5,0.4,8392
Brett Nicholas,Rangers,15,45,2,5,4,0,8.9 %,20.0 %,0.275,0.31,0.275,0.356,0.55,0.383,138,-0.2,1.9,0.9,0.4,11192
Bud Norris,- - -,35,38,0,2,1,0,7.9 %,18.4 %,0.074,0.3,0.222,0.323,0.296,0.282,78,0,-1,4.1,0.4,9492
Geovany Soto,Angels,26,86,4,11,9,0,7.0 %,24.4 %,0.218,0.321,0.269,0.321,0.487,0.345,121,-0.7,1.4,-0.1,0.4,3707
Ty Kelly,Mets,39,71,1,9,7,0,15.5 %,12.7 %,0.103,0.26,0.241,0.352,0.345,0.311,95,-0.4,-0.8,2.8,0.4,7740
Adeiny Hechavarria,Marlins,155,547,3,52,38,1,6.0 %,13.3 %,0.075,0.269,0.236,0.283,0.311,0.256,56,2,-27.8,14.6,0.4,10459
Alcides Escobar,Royals,162,682,7,57,55,17,4.0 %,14.1 %,0.089,0.295,0.261,0.292,0.35,0.278,68,-0.8,-27.2,8.1,0.4,6310
Bryan Holaday,- - -,44,129,2,17,14,0,5.4 %,21.7 %,0.128,0.281,0.231,0.281,0.359,0.277,66,1.4,-3.9,3.6,0.4,11287
Steve Selsky,Reds,24,54,2,9,7,1,3.7 %,40.7 %,0.157,0.519,0.314,0.34,0.471,0.348,114,0.8,1.7,0.6,0.4,12957
Joe Ross,Nationals,23,44,0,2,1,0,6.8 %,34.1 %,0.049,0.385,0.244,0.295,0.293,0.263,58,0,-2.3,4.8,0.4,12972
Roberto Perez,Indians,61,184,3,14,17,0,12.5 %,23.9 %,0.111,0.229,0.183,0.285,0.294,0.261,58,0.1,-9.3,6.9,0.4,2900
Juan Centeno,Twins,55,192,3,16,25,0,6.3 %,19.8 %,0.131,0.319,0.261,0.312,0.392,0.306,88,-2.6,-5.3,2.7,0.4,7168
Guillermo Heredia,Mariners,45,107,1,12,12,1,11.2 %,14.0 %,0.065,0.289,0.25,0.349,0.315,0.303,92,0.9,-0.1,0.3,0.4,18721
Michael Taylor,Nationals,76,237,7,28,16,14,5.9 %,32.5 %,0.145,0.319,0.231,0.278,0.376,0.283,72,2.3,-5.9,2.2,0.4,11489
Mitch Moreland,Rangers,147,503,22,49,60,1,7.0 %,23.5 %,0.189,0.266,0.233,0.298,0.422,0.307,87,-1.8,-10,-3.4,0.4,3086
A.J. Pollock,Diamondbacks,12,46,2,9,4,4,10.9 %,17.4 %,0.146,0.258,0.244,0.326,0.39,0.315,89,1.4,0.8,1.5,0.4,9256
Peter Bourjos,Phillies,123,383,5,40,23,6,4.4 %,23.8 %,0.138,0.323,0.251,0.292,0.389,0.291,79,2.4,-7.6,-0.8,0.4,2578
Jurickson Profar,Rangers,90,307,5,35,20,2,9.8 %,19.9 %,0.099,0.291,0.239,0.321,0.338,0.295,78,-1.5,-9.7,2.9,0.4,10815
Michael Bourn,- - -,113,413,5,48,38,15,6.8 %,22.3 %,0.107,0.336,0.264,0.314,0.371,0.298,79,3,-7.9,-1.7,0.4,6387
Abraham Almonte,Indians,67,194,1,24,22,8,4.1 %,21.6 %,0.137,0.331,0.264,0.294,0.401,0.294,80,1.1,-3.5,0.4,0.4,5486
Carlos Martinez,Cardinals,33,65,0,5,6,0,0.0 %,20.0 %,0.017,0.298,0.237,0.246,0.254,0.219,31,0,-5.5,7,0.4,11682
Roman Quinn,Phillies,15,69,0,10,6,5,11.6 %,27.5 %,0.07,0.395,0.263,0.373,0.333,0.322,100,1.5,1.5,-0.2,0.4,13546
Hector Sanchez,- - -,28,54,3,3,8,0,7.4 %,18.5 %,0.204,0.278,0.265,0.333,0.469,0.346,117,-0.2,1,0.8,0.4,10289
Nick Hundley,Rockies,83,317,10,30,48,0,7.9 %,20.5 %,0.18,0.302,0.26,0.32,0.439,0.323,82,-1.7,-8.6,1.8,0.3,3376
Bruce Maxwell,Athletics,33,101,1,8,14,0,7.9 %,23.8 %,0.12,0.368,0.283,0.337,0.402,0.321,103,-1.2,-0.7,0.5,0.3,13866
Chase d'Arnaud,Braves,84,262,1,24,21,9,8.8 %,19.1 %,0.09,0.303,0.245,0.317,0.335,0.287,76,1.5,-6.3,0.9,0.3,6652
Chris Heisey,Nationals,83,155,9,18,17,0,8.4 %,28.4 %,0.23,0.241,0.216,0.29,0.446,0.315,93,1,-0.3,-1.8,0.3,3978
Marwin Gonzalez,Astros,141,518,13,55,51,12,4.2 %,22.8 %,0.147,0.311,0.254,0.293,0.401,0.298,87,-1.9,-10.2,-4.7,0.3,5497
Manny Pina,Brewers,33,81,2,4,12,0,12.3 %,18.5 %,0.141,0.296,0.254,0.346,0.394,0.326,98,-0.9,-1,1.1,0.3,2829
Gerrit Cole,Pirates,21,43,1,3,3,0,0.0 %,44.2 %,0.1,0.35,0.2,0.22,0.3,0.226,37,0,-3.3,4.6,0.3,13125
Dae-Ho Lee,Mariners,104,317,14,33,49,0,6.3 %,23.3 %,0.175,0.294,0.253,0.312,0.428,0.318,102,-4.6,-3.9,-4.3,0.3,18722
Zack Greinke,Diamondbacks,27,60,0,4,3,1,5.0 %,15.0 %,0.019,0.244,0.212,0.246,0.231,0.212,20,0.2,-5.7,6.5,0.3,1943
Manuel Margot,Padres,10,37,0,4,3,2,0.0 %,18.9 %,0.162,0.3,0.243,0.243,0.405,0.272,68,0.5,-0.9,2.3,0.3,14712
Jose Lobaton,Nationals,39,114,3,10,8,0,10.5 %,15.8 %,0.141,0.253,0.232,0.319,0.374,0.301,84,-1.2,-3.4,2.4,0.3,4243
Stephen Strasburg,Nationals,24,57,0,3,2,0,3.5 %,19.3 %,0.021,0.27,0.208,0.24,0.229,0.211,23,0,-5.4,6.2,0.3,10131
David Peralta,Diamondbacks,48,183,4,23,15,2,4.4 %,23.0 %,0.181,0.31,0.251,0.295,0.433,0.308,84,1.5,-2.1,-1.3,0.3,2136
Jeff Francoeur,- - -,125,331,7,33,34,2,6.0 %,27.2 %,0.124,0.333,0.254,0.297,0.378,0.29,77,0.9,-8.3,0.2,0.2,4792
Robbie Ray,Diamondbacks,32,60,1,3,2,0,1.7 %,43.3 %,0.094,0.346,0.189,0.204,0.283,0.21,19,0,-6,6.5,0.2,11486
Ramiro Pena,Giants,30,91,1,9,10,0,2.2 %,17.6 %,0.126,0.357,0.299,0.33,0.425,0.322,103,0.2,0.5,-1.1,0.2,8841
Cheslor Cuthbert,Royals,128,510,12,49,46,2,6.3 %,18.8 %,0.139,0.32,0.274,0.318,0.413,0.316,94,-4.1,-7.7,-7.4,0.2,10473
Jarrett Parker,Giants,63,151,5,22,14,0,12.6 %,29.1 %,0.157,0.321,0.236,0.358,0.394,0.332,110,0.3,2.2,-4.8,0.2,11624
Junior Guerra,Brewers,20,43,0,2,0,0,0.0 %,30.2 %,0.057,0.364,0.229,0.229,0.286,0.222,28,0,-3.8,4.6,0.2,5702
Josh Rutledge,Red Sox,28,56,0,9,3,2,10.7 %,33.9 %,0.122,0.433,0.265,0.345,0.388,0.323,96,0.2,-0.1,0.4,0.2,11167
Gorkys Hernandez,Giants,26,57,2,7,4,0,5.3 %,19.3 %,0.204,0.293,0.259,0.298,0.463,0.324,105,-0.7,-0.4,0.7,0.2,4146
Shawn O'Malley,Mariners,89,232,2,24,17,6,7.8 %,25.4 %,0.09,0.309,0.229,0.299,0.319,0.276,73,-0.6,-8.3,2.5,0.2,9629
Julio Teheran,Braves,31,61,0,1,2,0,1.6 %,26.2 %,0.02,0.303,0.204,0.22,0.224,0.197,15,0,-6.4,6.6,0.2,6797
Trevor Brown,Giants,75,184,5,17,19,0,5.4 %,21.2 %,0.127,0.279,0.237,0.283,0.364,0.282,77,-1.6,-6.9,3.1,0.2,13895
Josh Phegley,Athletics,26,86,1,11,10,0,5.8 %,15.1 %,0.115,0.292,0.256,0.314,0.372,0.3,89,-0.4,-1.6,0.7,0.2,9308
Brett Eibner,- - -,70,208,6,21,22,0,9.1 %,24.0 %,0.16,0.227,0.193,0.266,0.353,0.268,65,0,-8.7,3.7,0.2,11369
Delino DeShields,Rangers,74,203,4,36,13,8,7.4 %,26.6 %,0.104,0.272,0.209,0.275,0.313,0.261,55,2.9,-8.1,3.3,0.2,11379
Ehire Adrianza,Giants,40,71,2,3,7,0,2.8 %,18.3 %,0.127,0.292,0.254,0.299,0.381,0.297,86,-1,-2.2,1.9,0.2,8418
Enrique Hernandez,Dodgers,109,244,7,25,18,2,11.5 %,26.2 %,0.134,0.234,0.19,0.283,0.324,0.27,68,0.5,-9,3.3,0.2,10472
Jeremy Hellickson,Phillies,32,66,0,3,4,0,6.1 %,36.4 %,0.019,0.3,0.167,0.224,0.185,0.19,11,0,-7.3,7.1,0.2,4371
Steven Matz,Mets,24,45,0,0,2,0,8.9 %,24.4 %,0.083,0.192,0.139,0.22,0.222,0.2,21,0,-4.4,4.9,0.2,13361
Luke Maile,Rays,42,126,3,10,15,0,3.2 %,28.6 %,0.134,0.3,0.227,0.252,0.361,0.26,61,-0.9,-6.8,4.4,0.2,13355
Brock Holt,Red Sox,94,324,7,45,34,4,8.3 %,17.9 %,0.128,0.294,0.255,0.322,0.383,0.308,86,3.3,-2,-7.1,0.2,9345
Max Scherzer,Nationals,34,85,0,4,12,0,2.4 %,35.3 %,0.014,0.325,0.186,0.208,0.2,0.183,5,0,-10,9.2,0.2,3137
Omar Narvaez,White Sox,34,117,1,13,10,0,12.0 %,12.0 %,0.069,0.295,0.267,0.35,0.337,0.304,88,-0.9,-2.6,0.3,0.2,13338
Brandon Nimmo,Mets,32,80,1,12,6,0,7.5 %,25.0 %,0.055,0.365,0.274,0.338,0.329,0.299,87,0.8,-0.4,-0.5,0.2,12927
Juan Uribe,Indians,73,259,7,19,25,0,5.8 %,18.9 %,0.126,0.227,0.206,0.259,0.332,0.256,54,-1.2,-15.5,8.3,0.2,454
Matt Reynolds,Mets,47,96,3,11,13,0,4.2 %,35.4 %,0.191,0.327,0.225,0.266,0.416,0.291,82,0,-2.2,0.7,0.2,13788
Vince Velasquez,Phillies,24,44,0,4,0,0,2.3 %,36.4 %,0.025,0.333,0.2,0.22,0.225,0.197,16,0,-4.6,4.8,0.2,11189
Andrew Cashner,- - -,28,40,0,3,1,0,7.5 %,32.5 %,0,0.286,0.176,0.243,0.176,0.198,18,0,-4,4.3,0.2,8782
Hernan Iribarren,Reds,24,45,0,6,2,1,0.0 %,24.4 %,0.133,0.412,0.311,0.311,0.444,0.319,95,0.3,0,0,0.1,4177
Jake Peavy,Giants,31,31,0,2,3,0,6.5 %,38.7 %,0,0.333,0.185,0.241,0.185,0.199,21,0,-3,3.3,0.1,1051
Charlie Culberson,Dodgers,34,68,1,6,7,1,1.5 %,19.1 %,0.09,0.34,0.284,0.294,0.373,0.288,81,0.9,-0.7,-0.1,0.1,3298
Mark Reynolds,Rockies,118,441,14,61,53,1,9.5 %,25.4 %,0.168,0.361,0.282,0.356,0.45,0.349,99,-2.7,-3.1,-9.7,0.1,7619
Jeff Samardzija,Giants,34,69,0,4,9,0,1.4 %,40.6 %,0.078,0.263,0.156,0.164,0.234,0.169,1,0,-8.5,7.5,0.1,3254
Ivan De Jesus Jr.,Reds,104,243,1,21,20,3,7.0 %,21.0 %,0.059,0.324,0.253,0.311,0.312,0.277,67,-0.4,-10.3,3.7,0.1,9886
Andres Blanco,Phillies,90,209,4,26,21,2,5.3 %,19.6 %,0.153,0.301,0.253,0.316,0.405,0.313,94,-1.5,-3.2,-2.3,0.1,1907
Jeff Mathis,Marlins,41,132,2,12,15,0,3.0 %,27.3 %,0.095,0.318,0.238,0.267,0.333,0.261,59,0.8,-5.8,2.7,0.1,3448
Richie Shaffer,Rays,20,54,1,5,4,0,9.3 %,33.3 %,0.188,0.367,0.25,0.315,0.438,0.321,103,0,0.1,-1,0.1,13271
Jarrod Saltalamacchia,Tigers,92,292,12,30,38,0,14.0 %,35.6 %,0.175,0.222,0.171,0.284,0.346,0.277,69,1,-9.9,1,0.1,5557
Matt den Dekker,Nationals,19,39,1,3,4,1,10.3 %,25.6 %,0.118,0.217,0.176,0.282,0.294,0.263,58,1,-1,0.8,0.1,11385
Nick Ahmed,Diamondbacks,90,308,4,26,20,5,4.9 %,18.8 %,0.081,0.258,0.218,0.265,0.299,0.245,42,0.9,-21.1,12.3,0.1,12147
Clayton Kershaw,Dodgers,23,50,0,2,3,0,2.0 %,24.0 %,0.022,0.235,0.174,0.191,0.196,0.172,3,0,-6,5.4,0.1,2036
Yulieski Gurriel,Astros,36,137,3,13,15,1,3.6 %,8.8 %,0.123,0.267,0.262,0.292,0.385,0.292,82,-0.6,-3.5,-0.2,0.1,19198
Kyle Jensen,Diamondbacks,17,34,2,5,7,0,5.9 %,38.2 %,0.258,0.25,0.194,0.265,0.452,0.304,82,-0.1,-0.9,0.8,0.1,7706
Jacob deGrom,Mets,27,50,0,6,2,0,6.0 %,24.0 %,0.024,0.2,0.143,0.2,0.167,0.171,2,0,-6.1,5.4,0.1,10954
Scooter Gennett,Brewers,136,542,14,58,56,8,7.0 %,21.0 %,0.149,0.315,0.263,0.317,0.412,0.315,91,-2.6,-8.9,-7.4,0.1,10339
Tyler Collins,Tigers,56,151,4,14,15,1,8.6 %,25.2 %,0.147,0.295,0.235,0.305,0.382,0.299,84,0.5,-2.4,-1.9,0.1,12723
Johnny Giavotella,Angels,99,367,6,44,31,4,3.5 %,10.6 %,0.116,0.276,0.26,0.287,0.376,0.285,80,-2.1,-10.9,-0.7,0.1,6740
Anthony Gose,Tigers,30,101,2,11,7,0,8.9 %,37.6 %,0.132,0.333,0.209,0.287,0.341,0.277,69,-0.6,-4.3,1.7,0.1,5097
Travis d'Arnaud,Mets,75,276,4,27,15,0,6.9 %,18.1 %,0.076,0.293,0.247,0.307,0.323,0.279,74,-0.4,-9.2,1.3,0.1,7739
Cory Spangenberg,Padres,14,53,1,6,8,1,7.5 %,24.5 %,0.125,0.294,0.229,0.302,0.354,0.289,80,1.4,0.1,-1,0.1,12294
Lucas Duda,Mets,47,172,7,20,23,0,8.7 %,20.9 %,0.183,0.25,0.229,0.302,0.412,0.304,91,0,-2,-2.7,0.1,2502
Miguel Rojas,Marlins,123,214,1,27,14,2,5.1 %,12.6 %,0.077,0.28,0.247,0.288,0.325,0.265,62,-0.2,-10.3,4.3,0.1,7802
Tyler Chatwood,Rockies,27,58,0,3,4,0,3.4 %,24.1 %,0.038,0.256,0.189,0.218,0.226,0.197,-2,0,-7.3,6.3,0.1,4338
Jeremy Hazelbaker,Cardinals,114,224,12,35,28,5,8.0 %,28.6 %,0.245,0.278,0.235,0.295,0.48,0.324,101,-0.3,0,-6.3,0.1,9399
Nick Buss,Angels,36,90,1,7,8,2,6.7 %,26.7 %,0.148,0.259,0.198,0.247,0.346,0.254,58,-0.8,-5.4,3,0.1,6835
Jabari Blash,Padres,38,84,3,7,5,1,13.1 %,40.5 %,0.155,0.265,0.169,0.298,0.324,0.282,76,0.4,-2.2,0.3,0.1,11247
Jaime Garcia,Cardinals,32,51,0,3,4,0,3.9 %,33.3 %,0,0.28,0.171,0.205,0.171,0.171,-1,0,-6.4,5.5,0.1,8137
Tommy Pham,Cardinals,78,183,9,26,17,2,10.9 %,38.8 %,0.214,0.342,0.226,0.324,0.44,0.33,105,0.7,1.8,-6.9,0.1,2967
Jorge de la Rosa,Rockies,27,42,0,4,6,0,4.8 %,33.3 %,0,0.292,0.184,0.244,0.184,0.201,1,0,-5.2,4.5,0.1,2047
Rob Segedin,Dodgers,40,83,2,9,12,0,7.2 %,26.5 %,0.137,0.294,0.233,0.301,0.37,0.292,83,0.5,-1.3,-0.7,0.1,11446
Joey Wendle,Athletics,28,104,1,11,11,2,5.8 %,15.4 %,0.042,0.296,0.26,0.298,0.302,0.265,66,-0.4,-4.7,1.7,0.1,13853
Byungho Park,Twins,62,244,12,28,24,1,8.6 %,32.8 %,0.219,0.23,0.191,0.275,0.409,0.294,80,1.5,-4.4,-3.3,0.1,18497
Mike Leake,Cardinals,34,55,0,3,4,0,5.5 %,34.5 %,0.02,0.233,0.143,0.192,0.163,0.165,-5,0,-7.2,5.9,0.1,10130
Curt Casali,Rays,84,256,8,23,25,0,9.8 %,32.0 %,0.15,0.25,0.186,0.273,0.336,0.268,67,-3,-13.2,5,0.1,12510
Rickie Weeks Jr.,Diamondbacks,108,205,9,29,27,5,9.8 %,26.3 %,0.211,0.288,0.239,0.327,0.45,0.335,102,0.9,1.5,-7.4,0.1,1849
Jason Coats,White Sox,28,58,1,8,4,1,8.6 %,20.7 %,0.14,0.243,0.2,0.298,0.34,0.285,75,0.6,-1.2,-0.3,0,14282
Christian Colon,Royals,54,161,1,13,13,0,6.8 %,19.3 %,0.061,0.287,0.231,0.294,0.293,0.264,58,-2.8,-10.9,5.9,0,11145
Carlos Perez,Angels,87,291,5,25,31,1,4.1 %,16.8 %,0.116,0.236,0.209,0.244,0.325,0.246,53,-0.7,-17.1,7.6,0,10642
Max Muncy,Athletics,51,133,2,13,8,0,15.0 %,18.0 %,0.071,0.218,0.186,0.308,0.257,0.262,63,-0.5,-6.4,2.3,0,13301
Jon Lester,Cubs,33,75,0,3,6,0,8.0 %,24.0 %,0.051,0.146,0.102,0.185,0.153,0.162,-9,0,-10.1,8.1,0,4930
Chris Stewart,Pirates,34,113,1,10,7,0,10.6 %,13.3 %,0.071,0.244,0.214,0.319,0.286,0.271,68,-0.9,-5.4,2.2,0,3878
Tyler Anderson,Rockies,20,42,1,1,3,0,9.5 %,26.2 %,0.086,0.13,0.114,0.205,0.2,0.19,-7,0,-5.5,4.5,0,12880
Dustin Garneau,Rockies,24,75,1,7,6,0,8.0 %,29.3 %,0.132,0.326,0.235,0.293,0.368,0.287,58,-0.6,-4.5,2.4,0,9433
Drew Pomeranz,- - -,31,37,1,2,4,0,0.0 %,56.8 %,0.086,0.308,0.143,0.143,0.229,0.158,-7,0,-4.9,4,0,11426
Tyler Austin,Yankees,31,90,5,7,12,1,7.8 %,40.0 %,0.217,0.357,0.241,0.3,0.458,0.324,102,0.7,0.8,-3.7,0,11850
Ryan Flaherty,Orioles,74,176,3,16,15,2,9.7 %,27.3 %,0.102,0.29,0.217,0.291,0.318,0.269,62,0.7,-7.2,1.4,0,7888
Luis Perdomo,Padres,36,43,0,1,1,0,2.3 %,34.9 %,0.026,0.217,0.132,0.175,0.158,0.154,-10,0,-5.9,4.6,0,14682
Tanner Roark,Nationals,34,75,0,1,3,0,6.7 %,33.3 %,0.016,0.205,0.125,0.188,0.141,0.157,-13,0,-10.4,8.1,0,8753
Paul Janish,Orioles,14,35,0,3,0,0,8.6 %,8.6 %,0.032,0.214,0.194,0.286,0.226,0.241,43,0.1,-2.3,1.2,0,7412
Justin Morneau,White Sox,58,218,6,16,25,0,5.5 %,23.9 %,0.167,0.32,0.261,0.303,0.429,0.311,92,0.4,-1.6,-5.7,0,1737
Omar Infante,Royals,39,149,0,16,11,0,6.0 %,15.4 %,0.082,0.278,0.239,0.279,0.321,0.26,56,1.3,-6.6,1.5,0,1609
Bobby Wilson,- - -,75,251,7,25,33,0,4.4 %,25.5 %,0.118,0.292,0.237,0.27,0.355,0.27,64,0,-10.9,2.3,0,6564
Nick Franklin,Rays,60,191,6,18,26,6,6.3 %,22.0 %,0.172,0.325,0.27,0.328,0.443,0.331,110,2.5,4.7,-11.3,0,10166
Jace Peterson,Braves,115,408,7,45,29,5,12.7 %,16.9 %,0.111,0.296,0.254,0.35,0.366,0.317,95,-1.7,-4.2,-8.9,0,12325
Brandon Snyder,Braves,37,47,4,8,9,0,2.1 %,34.0 %,0.413,0.269,0.239,0.255,0.652,0.37,131,-1.8,0,-1.6,0,9856
Chris Rusin,Rockies,29,30,0,2,3,0,0.0 %,20.0 %,0.069,0.217,0.172,0.172,0.241,0.175,-17,0,-4.3,3.2,0,9895
Shane Robinson,Angels,65,111,1,16,10,3,9.0 %,15.3 %,0.061,0.2,0.173,0.257,0.235,0.227,40,-0.1,-8,4.1,0,4249
Kenta Maeda,Dodgers,35,66,1,5,4,0,1.5 %,24.2 %,0.07,0.15,0.123,0.138,0.193,0.144,-16,0,-9.4,7.1,0,18498
Mike Foltynewicz,Braves,22,42,0,3,1,0,2.4 %,45.2 %,0.028,0.294,0.139,0.162,0.167,0.147,-18,0,-6.1,4.5,0,10811
Will Middlebrooks,Brewers,10,31,0,2,1,0,12.9 %,41.9 %,0,0.214,0.111,0.226,0.111,0.174,-4,0.1,-3.9,2.6,0,7002
Michael Brantley,Indians,11,43,0,5,7,1,7.0 %,14.0 %,0.051,0.265,0.231,0.279,0.282,0.238,42,0.4,-2.6,0.8,0,4106
Raimel Tapia,Rockies,22,41,0,4,3,3,4.9 %,26.8 %,0,0.357,0.263,0.293,0.263,0.248,32,1.2,-2.3,0.6,0,14350
Wily Peralta,Brewers,23,41,1,2,6,0,0.0 %,36.6 %,0.103,0.167,0.128,0.125,0.231,0.147,-22,0,-6.1,4.4,0,7738
Leury Garcia,White Sox,18,50,1,6,5,2,2.0 %,26.0 %,0.125,0.294,0.229,0.26,0.354,0.265,61,0.8,-1.6,-0.5,0,5913
Colin Rea,- - -,21,39,0,3,1,0,5.1 %,41.0 %,0,0.235,0.121,0.171,0.121,0.14,-22,0,-5.9,4.2,0,12317
Jemile Weeks,Padres,17,57,0,5,2,1,5.3 %,24.6 %,0.06,0.194,0.14,0.204,0.2,0.185,10,1.1,-5.2,2.9,0,2498
Jimmy Rollins,White Sox,41,166,2,25,8,5,9.6 %,19.9 %,0.107,0.27,0.221,0.295,0.329,0.277,69,0.3,-6,-0.1,0,971
Christian Bethancourt,Padres,73,204,6,20,25,1,4.9 %,27.5 %,0.14,0.288,0.228,0.265,0.368,0.273,69,-1.4,-9.2,2.2,0,10028
Logan Schafer,Twins,26,74,0,8,1,0,10.8 %,21.6 %,0.079,0.319,0.238,0.342,0.317,0.3,84,0.9,-0.6,-2.4,0,7937
Jon Niese,- - -,30,34,0,1,1,0,5.9 %,41.2 %,0.033,0.188,0.1,0.156,0.133,0.137,-25,0,-5.2,3.7,-0.1,4424
Brandon Barnes,Rockies,48,109,0,10,8,1,2.8 %,27.5 %,0.1,0.314,0.22,0.25,0.32,0.247,31,0.7,-8.5,4.5,-0.1,629
Brian Goodwin,Nationals,22,44,0,1,5,0,4.5 %,31.8 %,0.143,0.429,0.286,0.318,0.429,0.32,96,-0.3,-0.5,-1.4,-0.1,12858
Matt Wisler,Braves,29,53,0,2,2,0,1.9 %,39.6 %,0,0.269,0.152,0.167,0.152,0.142,-21,0,-7.9,5.7,-0.1,12804
Jon Gray,Rockies,29,55,0,2,4,0,3.6 %,54.5 %,0.043,0.412,0.149,0.184,0.191,0.169,-21,0,-8.2,5.9,-0.1,14916
Miguel Montero,Cubs,86,284,8,33,33,1,13.4 %,20.4 %,0.141,0.249,0.216,0.327,0.357,0.299,83,-2.4,-8.3,-1.3,-0.1,3364
Austin Barnes,Dodgers,21,37,0,3,2,0,13.5 %,24.3 %,0.031,0.217,0.156,0.27,0.188,0.222,36,0.8,-2.1,0.4,-0.1,12158
Jerad Eickhoff,Phillies,33,62,0,4,5,0,1.6 %,19.4 %,0.049,0.163,0.131,0.145,0.18,0.142,-21,0,-9.3,6.7,-0.1,12664
Brandon Finnegan,Reds,33,61,0,4,2,0,4.9 %,29.5 %,0.038,0.171,0.113,0.161,0.151,0.144,-22,0,-9.2,6.6,-0.1,16208
A.J. Ellis,- - -,64,196,2,11,22,2,9.7 %,15.8 %,0.082,0.252,0.216,0.301,0.298,0.266,65,-1.3,-9.8,2.9,-0.1,5677
Christian Vazquez,Red Sox,57,184,1,21,12,0,5.4 %,21.2 %,0.081,0.288,0.227,0.277,0.308,0.257,51,-0.9,-11.7,4.8,-0.1,9774
Austin Romine,Yankees,62,176,4,17,26,1,4.0 %,17.6 %,0.139,0.271,0.242,0.269,0.382,0.275,68,0.6,-6.2,-0.5,-0.1,5491
Jeff Locke,Pirates,31,39,0,0,0,0,2.6 %,43.6 %,0,0.267,0.125,0.152,0.125,0.127,-29,0,-6.2,4.2,-0.1,2929
Gio Gonzalez,Nationals,32,59,0,1,2,0,0.0 %,40.7 %,0.038,0.241,0.135,0.148,0.173,0.141,-24,0,-9,6.4,-0.1,7448
Kyle Hendricks,Cubs,32,68,0,1,2,0,1.5 %,42.6 %,0,0.276,0.138,0.167,0.138,0.141,-23,0,-10.3,7.3,-0.1,12049
Kevin Plawecki,Mets,48,151,1,6,11,0,11.3 %,21.9 %,0.068,0.255,0.197,0.298,0.265,0.255,58,-0.8,-8.6,3,-0.1,13807
Jimmy Paredes,- - -,83,167,5,15,19,0,4.2 %,28.7 %,0.146,0.283,0.222,0.253,0.367,0.266,62,1.4,-6.4,0.2,-0.1,5481
Jorge Polanco,Twins,69,270,4,24,27,4,6.3 %,17.0 %,0.143,0.328,0.282,0.332,0.424,0.326,101,-1.3,-0.8,-9.3,-0.1,13152
Chris Taylor,- - -,36,65,1,8,7,0,6.2 %,23.1 %,0.148,0.267,0.213,0.262,0.361,0.262,63,-0.2,-3.2,0.2,-0.1,13757
Anthony DeSclafani,Reds,20,43,0,0,1,0,2.3 %,51.2 %,0.024,0.263,0.122,0.143,0.146,0.13,-32,0,-7,4.6,-0.1,13050
Aaron Nola,Phillies,20,35,0,1,0,0,8.6 %,48.6 %,0.033,0.077,0.033,0.147,0.067,0.119,-37,0,-5.9,3.8,-0.1,16149
Jason Rogers,Pirates,23,33,0,2,2,0,21.2 %,27.3 %,0.08,0.125,0.08,0.303,0.16,0.243,48,0.2,-1.9,-0.2,-0.1,11773
Domingo Santana,Brewers,77,281,11,34,32,2,11.4 %,32.4 %,0.191,0.359,0.256,0.345,0.447,0.343,110,-1.2,2.2,-12.3,-0.1,10348
Junior Lake,Blue Jays,22,39,1,5,2,1,10.3 %,28.2 %,0.171,0.261,0.2,0.282,0.371,0.286,74,0.2,-1,-1.5,-0.1,4672
Francisco Pena,Orioles,14,43,1,5,3,0,4.7 %,32.6 %,0.075,0.28,0.2,0.238,0.275,0.227,33,0,-3.5,0.8,-0.1,8298
Yasmany Tomas,Diamondbacks,140,563,31,72,83,2,5.5 %,24.2 %,0.236,0.31,0.272,0.313,0.508,0.345,109,-5.5,0.6,-19.7,-0.1,17171
Adam Morgan,Phillies,23,36,0,1,1,0,2.8 %,30.6 %,0.031,0.143,0.094,0.121,0.125,0.112,-41,0,-6.3,3.9,-0.1,12580
Scott Kazmir,Dodgers,27,50,0,3,2,0,2.0 %,48.0 %,0,0.263,0.116,0.136,0.116,0.116,-35,0,-8.3,5.4,-0.1,4897
Austin Jackson,White Sox,54,203,0,24,18,2,8.4 %,19.2 %,0.088,0.319,0.254,0.318,0.343,0.292,79,0.7,-4.5,-3.8,-0.1,9848
Adam Conley,Marlins,25,47,0,4,3,0,2.1 %,46.8 %,0,0.25,0.122,0.14,0.122,0.118,-37,0,-7.9,5.1,-0.1,14457
Jake Marisnick,Astros,118,311,5,40,21,10,5.1 %,26.7 %,0.122,0.275,0.209,0.257,0.331,0.257,58,0.8,-14.8,2.8,-0.1,11339
Danny Worth,Astros,16,40,0,4,1,0,2.5 %,15.0 %,0.051,0.212,0.179,0.2,0.231,0.189,12,0.6,-3.7,0.9,-0.1,198
Justin Smoak,Blue Jays,126,341,14,33,34,1,11.7 %,32.8 %,0.174,0.295,0.217,0.314,0.391,0.309,90,-1.1,-5.1,-8,-0.1,9054
Reymond Fuentes,Royals,13,44,0,2,5,0,6.8 %,18.2 %,0.024,0.394,0.317,0.364,0.341,0.315,93,-0.5,-0.8,-2.2,-0.2,10329
Luis Sardinas,- - -,66,197,4,25,18,4,6.1 %,24.4 %,0.111,0.313,0.244,0.295,0.356,0.279,73,0.7,-5.6,-2.4,-0.2,13153
Craig Gentry,Angels,14,39,0,2,2,0,7.7 %,15.4 %,0.029,0.179,0.147,0.237,0.176,0.199,20,0,-3.7,0.8,-0.2,9571
Bryce Brentz,Red Sox,25,64,1,8,7,0,4.7 %,26.6 %,0.098,0.372,0.279,0.313,0.377,0.301,81,-0.3,-1.8,-2,-0.2,10607
Ramon Cabrera,Reds,61,185,3,11,23,1,4.3 %,16.2 %,0.111,0.277,0.246,0.279,0.357,0.272,63,-1.6,-9.9,2.3,-0.2,10327
Steve Clevenger,Mariners,22,76,1,7,7,0,10.5 %,18.4 %,0.088,0.264,0.221,0.303,0.309,0.275,72,-1.1,-3.7,-0.7,-0.2,9542
Matt McBride,Athletics,20,44,0,4,2,0,2.3 %,22.7 %,0.07,0.273,0.209,0.227,0.279,0.22,34,0.4,-3.1,-0.3,-0.2,9373
Bartolo Colon,Mets,34,65,1,4,2,0,1.5 %,61.5 %,0.083,0.211,0.083,0.098,0.167,0.114,-37,0,-10.9,7,-0.2,375
Gregorio Petit,Angels,89,223,2,21,17,1,6.7 %,22.9 %,0.103,0.316,0.245,0.299,0.348,0.282,78,-2.6,-8.6,-0.9,-0.2,3812
Christian Friedrich,Padres,24,43,0,2,2,0,7.0 %,53.5 %,0,0.143,0.054,0.125,0.054,0.096,-49,0,-7.9,4.6,-0.2,7942
Don Kelly,Marlins,13,30,0,2,3,0,6.7 %,16.7 %,0.148,0.174,0.148,0.2,0.296,0.209,24,-0.4,-3.2,0.3,-0.2,2216
Alejandro De Aza,Mets,130,267,6,31,25,4,9.7 %,25.1 %,0.115,0.259,0.205,0.297,0.321,0.276,72,-1.2,-10.4,0,-0.2,3371
Matt Moore,- - -,33,35,0,2,0,0,0.0 %,37.1 %,0,0.167,0.097,0.097,0.097,0.085,-59,0,-6.9,3.8,-0.2,1890
Ryan Raburn,Rockies,113,256,9,30,30,0,10.9 %,31.3 %,0.184,0.292,0.22,0.309,0.404,0.309,73,0.9,-7.7,-2.4,-0.2,2218
Aaron Hicks,Yankees,123,361,8,32,31,3,8.3 %,18.8 %,0.119,0.248,0.217,0.281,0.336,0.27,64,-0.3,-15.8,1.5,-0.2,5297
Michael Martinez,- - -,63,106,1,16,4,0,3.8 %,21.7 %,0.069,0.299,0.238,0.267,0.307,0.252,51,-0.1,-6.3,0.7,-0.2,7358
Jameson Taillon,Pirates,18,36,0,0,2,0,0.0 %,47.2 %,0,0.2,0.094,0.094,0.094,0.082,-59,0,-7.1,3.9,-0.2,11674
Marco Hernandez,Red Sox,40,56,1,11,5,1,8.9 %,17.9 %,0.078,0.35,0.294,0.357,0.373,0.324,97,1.2,1,-4.9,-0.2,13154
Cliff Pennington,Angels,74,188,3,18,10,1,6.9 %,29.3 %,0.099,0.289,0.209,0.265,0.308,0.253,58,-1.6,-11.1,2.6,-0.2,3395
Socrates Brito,Diamondbacks,40,97,4,10,12,2,2.1 %,23.7 %,0.179,0.191,0.179,0.196,0.358,0.233,34,0.4,-7.5,2.3,-0.2,12944
Scott Van Slyke,Dodgers,52,113,1,10,7,1,4.4 %,21.2 %,0.088,0.282,0.225,0.292,0.314,0.267,66,-1.3,-5.9,0.2,-0.2,4365
Eric Hosmer,Royals,158,667,25,80,104,5,8.5 %,19.8 %,0.167,0.301,0.266,0.328,0.433,0.326,101,-5.3,-4.5,-20.4,-0.2,3516
James Loney,Mets,100,366,9,30,34,0,4.4 %,10.1 %,0.131,0.275,0.265,0.307,0.397,0.302,89,-1.5,-6.3,-7.5,-0.2,4556
David Lough,Phillies,30,79,0,6,4,1,11.4 %,10.1 %,0.075,0.267,0.239,0.342,0.313,0.292,79,-0.3,-2.3,-2.4,-0.2,7215
Drew Stubbs,- - -,59,94,3,13,7,9,12.8 %,40.4 %,0.113,0.375,0.225,0.33,0.338,0.3,84,1.7,-0.2,-5.1,-0.2,9328
Johnny Cueto,Giants,32,84,0,1,5,0,2.4 %,28.6 %,0,0.17,0.114,0.137,0.114,0.115,-35,0,-14,9.1,-0.2,6893
Rafael Ortega,Angels,66,202,1,24,16,8,6.4 %,11.4 %,0.059,0.261,0.232,0.283,0.292,0.257,60,1,-8.7,-0.5,-0.2,10323
Matt Garza,Brewers,19,33,0,1,0,0,6.1 %,51.5 %,0,0.091,0.036,0.1,0.036,0.075,-70,0,-6.9,3.6,-0.2,3340
John Lackey,Cubs,29,69,0,1,2,0,2.9 %,44.9 %,0.032,0.188,0.095,0.123,0.127,0.114,-41,0,-12,7.5,-0.2,1507
Orlando Arcia,Brewers,55,216,4,21,17,8,6.9 %,21.8 %,0.139,0.267,0.219,0.273,0.358,0.274,64,0.9,-8.8,-0.4,-0.2,13185
Chase Anderson,Brewers,31,52,0,3,1,0,1.9 %,51.9 %,0,0.222,0.089,0.128,0.089,0.105,-50,0,-9.6,5.6,-0.2,6895
Jared Hoying,Rangers,39,49,0,8,5,1,6.1 %,16.3 %,0.043,0.263,0.217,0.265,0.261,0.236,38,0.7,-3,-1,-0.2,10882
Hanser Alberto,Rangers,35,58,0,2,5,1,0.0 %,29.3 %,0.018,0.205,0.143,0.143,0.161,0.132,-34,-1.2,-10.6,6.2,-0.2,11902
Grant Green,Giants,18,50,1,7,7,0,6.0 %,16.0 %,0.109,0.289,0.261,0.3,0.37,0.29,82,-1.1,-2.3,-1.7,-0.2,10053
Alberto Rosario,Cardinals,20,41,0,3,2,0,4.9 %,12.2 %,0.053,0.212,0.184,0.225,0.237,0.206,22,-0.7,-4.6,0.9,-0.3,7125
Aaron Judge,Yankees,27,95,4,10,10,0,9.5 %,44.2 %,0.167,0.282,0.179,0.263,0.345,0.267,63,-0.4,-4.6,-1.2,-0.3,15640
Tom Koehler,Marlins,33,56,0,1,4,0,1.8 %,50.0 %,0,0.217,0.098,0.115,0.098,0.098,-50,0,-10.4,6,-0.3,6570
Teoscar Hernandez,Astros,41,112,4,15,11,0,9.8 %,25.0 %,0.19,0.275,0.23,0.304,0.42,0.308,93,-2.2,-3.1,-3.3,-0.3,13066
Stephen Cardullo,Rockies,27,59,2,5,6,0,5.1 %,20.3 %,0.196,0.238,0.214,0.254,0.411,0.282,55,-0.7,-4,-0.5,-0.3,11204
Jake Smolinski,Athletics,99,319,7,28,27,1,6.0 %,13.8 %,0.107,0.257,0.238,0.299,0.345,0.284,78,-3.4,-11.7,-1.8,-0.3,5408
Chad Pinder,Athletics,22,55,1,4,4,0,5.5 %,25.5 %,0.137,0.297,0.235,0.273,0.373,0.276,73,0,-1.8,-2.8,-0.3,15191
Ji-Man Choi,Angels,54,129,5,9,12,2,12.4 %,20.9 %,0.17,0.173,0.17,0.271,0.339,0.267,67,-1.7,-6.7,-0.4,-0.3,5452
Tuffy Gosewisch,Diamondbacks,33,99,3,8,7,0,7.1 %,22.2 %,0.133,0.169,0.156,0.224,0.289,0.228,30,0.6,-7.9,2,-0.3,5277
Ben Gamel,- - -,33,57,1,9,5,0,10.5 %,28.1 %,0.104,0.258,0.188,0.278,0.292,0.258,59,0.5,-2.3,-2.4,-0.3,12160
Tim Federowicz,Cubs,17,33,0,3,3,0,3.0 %,36.4 %,0.065,0.3,0.194,0.212,0.258,0.203,19,-0.1,-3.4,-0.5,-0.3,8609
Aaron Altherr,Phillies,57,227,4,23,23,7,10.1 %,30.4 %,0.091,0.288,0.202,0.304,0.293,0.27,64,-0.5,-10.5,0.4,-0.3,11270
Rob Refsnyder,Yankees,58,175,0,25,12,2,10.3 %,17.1 %,0.059,0.304,0.25,0.328,0.309,0.282,72,-1.9,-7.7,-1.3,-0.3,13770
Eric Campbell,Mets,40,88,1,9,9,1,11.4 %,27.3 %,0.053,0.235,0.173,0.284,0.227,0.237,46,0.3,-5.7,-0.2,-0.3,6938
Michael Wacha,Cardinals,27,45,0,1,0,0,6.7 %,48.9 %,0,0.059,0.026,0.095,0.026,0.07,-69,0,-9.4,4.9,-0.3,14078
Colin Walsh,Brewers,38,63,0,4,2,0,23.8 %,34.9 %,0.021,0.16,0.085,0.317,0.106,0.237,39,-0.6,-5.4,0.3,-0.3,10961
Brandon Drury,Diamondbacks,134,499,16,59,53,1,6.2 %,20.0 %,0.176,0.327,0.282,0.329,0.458,0.335,102,-2,-0.5,-18.5,-0.3,11615
Carlos Sanchez,White Sox,53,163,4,15,21,0,3.1 %,25.8 %,0.149,0.257,0.208,0.236,0.357,0.253,53,-0.2,-9.4,0.8,-0.3,11602
Dustin Ackley,Yankees,28,70,0,6,4,0,11.4 %,12.9 %,0,0.17,0.148,0.243,0.148,0.192,11,1.4,-6.1,0.6,-0.3,10099
Alen Hanson,Pirates,27,33,0,5,1,2,6.1 %,15.2 %,0.032,0.269,0.226,0.273,0.258,0.225,37,0.2,-2.4,-1.8,-0.3,12926
Jimmy Nelson,Brewers,32,59,0,1,3,0,3.4 %,54.2 %,0,0.222,0.08,0.115,0.08,0.094,-57,0,-11.4,6.4,-0.3,10547
Tony Renda,Reds,32,67,0,4,3,0,7.5 %,16.4 %,0.033,0.224,0.183,0.246,0.217,0.213,24,-0.9,-7.2,1.9,-0.3,13443
Ruben Tejada,- - -,36,78,0,9,5,0,9.0 %,16.7 %,0.076,0.196,0.167,0.247,0.242,0.221,34,0.2,-6.1,0.4,-0.3,5519
Kaleb Cowart,Angels,31,87,1,8,8,0,0.0 %,26.4 %,0.082,0.226,0.176,0.184,0.259,0.19,14,1.2,-7.8,1.6,-0.3,11494
Yonder Alonso,Athletics,156,532,7,52,56,3,8.5 %,13.9 %,0.114,0.284,0.253,0.316,0.367,0.299,88,-3,-10.4,-11,-0.3,2530
Zach Davies,Brewers,28,61,0,2,1,0,1.6 %,36.1 %,0,0.161,0.094,0.111,0.094,0.094,-57,0,-11.8,6.6,-0.3,13183
Taylor Motter,Rays,34,93,2,11,9,0,11.8 %,20.4 %,0.113,0.217,0.188,0.29,0.3,0.267,66,-1.2,-5,-1.5,-0.3,12399
Xavier Scruggs,Marlins,24,69,1,1,5,0,7.2 %,29.0 %,0.097,0.293,0.21,0.29,0.306,0.269,64,-1.9,-5,-0.5,-0.3,7409
Josh Bell,Pirates,45,152,3,18,19,0,13.8 %,12.5 %,0.133,0.294,0.273,0.368,0.406,0.339,113,-1.8,0.7,-8.9,-0.4,13145
Derek Norris,Padres,125,458,14,50,42,9,7.9 %,30.3 %,0.142,0.238,0.186,0.255,0.328,0.252,55,1.8,-23.6,5.5,-0.4,6867
Trevor Plouffe,Twins,84,344,12,35,47,1,5.5 %,17.4 %,0.16,0.284,0.26,0.303,0.42,0.311,91,-3.1,-6.7,-8.4,-0.4,7462
Devin Mesoraco,Reds,16,55,0,2,1,0,9.1 %,18.2 %,0.02,0.175,0.14,0.218,0.16,0.181,3,-0.6,-7.2,2,-0.4,5666
Jerry Sands,White Sox,24,58,1,2,7,0,5.2 %,41.4 %,0.055,0.4,0.236,0.276,0.291,0.252,52,-0.4,-3.8,-1.8,-0.4,4016
Tyler White,Astros,86,276,8,24,28,1,8.3 %,23.6 %,0.161,0.258,0.217,0.286,0.378,0.287,79,0.5,-6.5,-6.6,-0.4,15564
Hank Conger,Rays,49,137,3,6,10,0,8.8 %,29.2 %,0.113,0.259,0.194,0.265,0.306,0.254,57,-2.1,-9.1,0.8,-0.4,2505
Billy Butler,- - -,97,274,5,27,35,0,7.7 %,15.3 %,0.132,0.32,0.284,0.336,0.416,0.324,105,-5.8,-4,-9,-0.4,7399
Dioner Navarro,- - -,101,334,6,26,35,1,6.9 %,21.3 %,0.115,0.248,0.207,0.265,0.322,0.258,56,-2.2,-20,4.9,-0.4,3179
Daniel Nava,- - -,54,148,1,11,13,0,6.8 %,20.3 %,0.069,0.275,0.223,0.297,0.292,0.266,66,1.6,-4.4,-4.4,-0.4,5450
Steven Moya,Tigers,31,100,5,9,11,0,5.0 %,38.0 %,0.245,0.365,0.255,0.29,0.5,0.331,106,-0.5,0.2,-7.7,-0.4,11854
Archie Bradley,Diamondbacks,26,48,0,2,4,0,0.0 %,58.3 %,0,0.188,0.07,0.068,0.07,0.06,-82,0,-10.8,5.2,-0.4,12918
Joey Gallo,Rangers,17,30,1,2,1,1,16.7 %,63.3 %,0.12,0,0.04,0.2,0.16,0.182,1,0.3,-3.3,-1.8,-0.4,14128
Coco Crisp,- - -,122,498,13,54,55,10,9.2 %,15.7 %,0.166,0.252,0.231,0.302,0.397,0.301,90,0.1,-6.1,-15,-0.4,1572
Jaff Decker,Rays,19,57,0,1,1,1,7.0 %,24.6 %,0.019,0.205,0.154,0.211,0.173,0.178,5,0.5,-6,-0.1,-0.4,7945
Nolan Reimold,Orioles,104,227,6,25,15,1,9.7 %,27.3 %,0.143,0.287,0.222,0.3,0.365,0.292,78,-2.8,-8.9,-3.1,-0.4,3441
Desmond Jennings,Rays,65,225,7,22,20,2,9.3 %,25.8 %,0.15,0.243,0.2,0.281,0.35,0.278,73,0.9,-6.3,-5.7,-0.4,1965
Shelby Miller,Diamondbacks,21,34,0,4,0,0,0.0 %,61.8 %,0.094,0.364,0.125,0.125,0.219,0.143,-26,0,-5.3,-0.2,-0.5,10197
Chad Bettis,Rockies,32,58,0,2,2,0,6.9 %,36.2 %,0,0.071,0.041,0.113,0.041,0.085,-77,0,-12.7,6.3,-0.5,10587
Chris Gimenez,Indians,68,155,4,17,11,0,6.5 %,26.5 %,0.115,0.274,0.216,0.272,0.331,0.265,60,-2.7,-10.1,0.3,-0.5,7324
Cole Gillespie,Marlins,41,55,0,7,5,0,5.5 %,25.5 %,0.137,0.316,0.235,0.273,0.373,0.274,68,0.4,-1.8,-4.5,-0.5,5888
Chris Coghlan,- - -,99,300,6,35,30,2,11.7 %,24.3 %,0.13,0.235,0.188,0.29,0.318,0.269,66,1.2,-11.1,-3.4,-0.5,6878
Casey McGehee,Tigers,30,96,0,4,1,0,3.1 %,14.6 %,0.011,0.269,0.228,0.26,0.239,0.225,33,-0.9,-8.5,0.6,-0.5,6086
John Ryan Murphy,Twins,26,90,1,4,3,0,5.6 %,21.1 %,0.073,0.175,0.146,0.193,0.22,0.184,4,-0.2,-10.6,2.8,-0.5,10346
Jhonny Peralta,Cardinals,82,313,8,37,29,0,6.4 %,17.9 %,0.149,0.294,0.26,0.307,0.408,0.308,90,-2.2,-5.9,-8.9,-0.5,1738
Chris Colabello,Blue Jays,10,32,0,0,1,0,6.3 %,28.1 %,0,0.1,0.069,0.156,0.069,0.121,-39,-0.3,-5.7,-0.4,-0.5,13051
Raul Mondesi,Royals,47,149,2,16,13,9,4.0 %,32.2 %,0.096,0.271,0.185,0.231,0.281,0.226,32,2.4,-9.7,-0.3,-0.5,13769
Josh Thole,Blue Jays,50,136,1,7,7,0,9.6 %,20.6 %,0.051,0.209,0.169,0.254,0.22,0.22,29,-1,-12.5,2.9,-0.5,9689
Ryan Hanigan,Red Sox,35,113,1,9,14,0,6.2 %,23.9 %,0.067,0.221,0.171,0.23,0.238,0.212,20,-0.1,-11,2.2,-0.5,4952
Jose Pirela,Padres,15,41,0,2,0,0,2.4 %,22.0 %,0.051,0.2,0.154,0.175,0.205,0.167,-2,-0.1,-5.2,-1.2,-0.5,5485
Mark Canha,Athletics,16,44,3,4,6,0,0.0 %,45.5 %,0.22,0.105,0.122,0.14,0.341,0.198,19,-0.4,-4.7,-2,-0.5,11445
Peter O'Brien,Diamondbacks,28,67,5,6,9,0,4.5 %,40.3 %,0.25,0.125,0.141,0.179,0.391,0.225,29,-0.1,-6,-1.4,-0.5,13288
Adam Lind,Mariners,126,430,20,48,58,0,6.0 %,20.7 %,0.192,0.259,0.239,0.286,0.431,0.304,92,-2.7,-6.7,-13.3,-0.6,8027
Tony Kemp,Astros,59,136,1,15,7,2,10.3 %,19.9 %,0.108,0.269,0.217,0.296,0.325,0.275,71,-0.6,-5.3,-4.7,-0.6,14894
Billy Burns,- - -,97,332,0,39,13,17,3.0 %,11.1 %,0.061,0.264,0.235,0.271,0.296,0.247,52,4.2,-14.9,-2,-0.6,12701
Yan Gomes,Indians,74,264,9,22,34,0,3.4 %,26.1 %,0.159,0.189,0.167,0.201,0.327,0.225,33,-0.2,-21.5,6.9,-0.6,9627
Jake Elmore,Brewers,59,99,0,7,4,2,17.2 %,17.2 %,0.026,0.279,0.218,0.371,0.244,0.293,76,-2,-4.9,-3.8,-0.6,7290
Yadiel Rivera,Brewers,35,71,0,12,3,0,2.8 %,28.2 %,0.061,0.304,0.212,0.235,0.273,0.223,29,0.1,-6.2,-1.7,-0.6,11863
Eduardo Escobar,Twins,105,377,6,32,37,1,5.6 %,19.1 %,0.102,0.28,0.236,0.28,0.338,0.269,63,0.2,-16.7,-1.9,-0.6,6153
Jordan Pacheco,Reds,31,51,0,1,0,0,0.0 %,27.5 %,0.078,0.216,0.157,0.157,0.235,0.166,-7,-0.1,-6.9,-0.7,-0.6,2677
Emilio Bonifacio,Braves,24,43,0,6,3,1,7.0 %,27.9 %,0,0.308,0.211,0.268,0.211,0.222,32,-0.1,-3.7,-3.6,-0.6,4054
Gordon Beckham,- - -,88,279,5,25,31,1,9.3 %,18.6 %,0.135,0.245,0.212,0.294,0.347,0.281,71,-1.2,-11.1,-3.8,-0.6,9015
Cody Asche,Phillies,71,218,4,22,18,3,8.3 %,24.8 %,0.137,0.271,0.213,0.284,0.35,0.279,70,1.1,-6.9,-6.2,-0.6,11997
Tyler Holt,Reds,106,208,0,21,13,4,11.1 %,23.1 %,0.061,0.318,0.235,0.327,0.296,0.283,71,0.7,-6.6,-6.1,-0.6,11391
Wei-Yin Chen,Marlins,22,49,0,0,0,0,0.0 %,36.7 %,0,0,0,0,0,0,-100,0,-13,5.3,-0.6,13071
Dan Straily,Reds,34,65,0,2,1,0,3.1 %,61.5 %,0,0.083,0.019,0.056,0.019,0.042,-91,0,-15.3,7,-0.6,9460
Cedric Hunter,Phillies,13,36,1,3,1,0,5.6 %,16.7 %,0.088,0.074,0.088,0.139,0.176,0.143,-20,-0.2,-5.6,-1.8,-0.6,2833
Alexi Amarista,Padres,65,150,0,9,11,9,5.3 %,17.3 %,0.014,0.313,0.257,0.295,0.271,0.248,53,-0.7,-9.4,-1.7,-0.7,9063
Ketel Marte,Mariners,119,466,1,55,33,11,3.9 %,18.0 %,0.064,0.313,0.259,0.287,0.323,0.266,66,1.5,-17.4,-4.9,-0.7,13613
Joey Rickard,Orioles,85,282,5,32,19,4,6.4 %,19.1 %,0.109,0.32,0.268,0.319,0.377,0.304,86,0.8,-3.8,-12.6,-0.7,13277
Gregor Blanco,Giants,106,274,1,28,18,6,10.6 %,18.6 %,0.087,0.279,0.224,0.309,0.311,0.272,70,0.5,-9.6,-6,-0.7,3123
Tyler Ladendorf,Athletics,45,50,0,6,1,2,2.0 %,26.0 %,0,0.114,0.083,0.102,0.083,0.086,-58,0.1,-9.4,0.9,-0.7,3211
Danny Santana,Twins,75,248,2,29,14,12,4.8 %,22.2 %,0.086,0.305,0.24,0.279,0.326,0.265,60,-0.7,-12.6,-2.7,-0.7,10322
Emmanuel Burriss,Phillies,39,50,0,3,0,1,4.0 %,20.0 %,0.067,0.143,0.111,0.184,0.178,0.169,-3,0.6,-5.8,-2.8,-0.7,2917
Jed Lowrie,Athletics,87,369,2,30,27,0,7.0 %,17.6 %,0.059,0.316,0.263,0.314,0.322,0.282,77,-4.2,-14.3,-5.2,-0.7,4418
Darin Ruf,Phillies,43,89,3,8,9,0,4.5 %,28.1 %,0.133,0.246,0.205,0.236,0.337,0.245,48,-1,-6.7,-3.1,-0.7,9929
Alex Presley,- - -,50,134,3,12,11,0,8.2 %,18.7 %,0.091,0.223,0.198,0.269,0.289,0.247,45,1.1,-7.9,-4,-0.8,5305
Daniel Castro,Braves,47,139,0,8,7,1,5.0 %,17.3 %,0.008,0.245,0.2,0.241,0.208,0.201,18,-1.1,-15.2,2.8,-0.8,15450
Preston Tucker,Astros,48,144,4,11,8,0,5.6 %,27.8 %,0.164,0.2,0.164,0.222,0.328,0.239,46,0.5,-8.9,-4,-0.8,13633
Carl Crawford,Dodgers,30,87,0,8,6,0,4.6 %,12.6 %,0.049,0.211,0.185,0.23,0.235,0.208,27,-0.2,-8.1,-2.7,-0.8,1201
Mikie Mahtook,Rays,65,196,3,16,11,0,3.6 %,34.7 %,0.097,0.287,0.195,0.231,0.292,0.229,39,-2.3,-16.5,1.7,-0.8,13130
Brett Wallace,Padres,119,256,6,19,20,0,11.3 %,32.4 %,0.129,0.271,0.189,0.309,0.318,0.28,74,-0.8,-9,-7.4,-0.8,8434
Chris Johnson,Marlins,113,264,5,20,24,0,7.2 %,29.5 %,0.107,0.306,0.222,0.281,0.329,0.267,63,-2.7,-14.9,-1.8,-0.8,1191
Erik Kratz,- - -,33,87,1,3,4,0,1.1 %,36.8 %,0.059,0.135,0.094,0.105,0.153,0.111,-40,-0.1,-15,3.8,-0.9,4403
Caleb Joseph,Orioles,49,141,0,7,0,0,5.0 %,19.9 %,0.023,0.221,0.174,0.216,0.197,0.188,6,-0.7,-16.5,3,-0.9,7087
A.J. Reed,Astros,45,141,3,11,8,0,12.8 %,34.0 %,0.098,0.236,0.164,0.27,0.262,0.245,50,0.1,-8.4,-5.2,-0.9,16246
Oswaldo Arcia,- - -,69,222,8,17,23,1,8.1 %,36.0 %,0.163,0.287,0.203,0.27,0.366,0.277,71,0,-8,-8.6,-0.9,10306
A.J. Pierzynski,Braves,81,259,2,15,23,1,2.3 %,11.2 %,0.085,0.237,0.219,0.243,0.304,0.236,41,-3.3,-22.2,4.6,-1,746
Ryan Howard,Phillies,112,362,25,35,59,0,7.5 %,31.5 %,0.257,0.205,0.196,0.257,0.453,0.298,83,-2.9,-10.5,-10.4,-1,2154
Ryan Goins,Blue Jays,77,196,3,13,12,1,4.6 %,24.5 %,0.12,0.235,0.186,0.228,0.306,0.232,38,-1.4,-16.1,-0.5,-1,9807
Cristhian Adames,Rockies,121,256,2,25,17,2,9.4 %,18.4 %,0.084,0.267,0.218,0.304,0.302,0.274,50,-0.6,-16.5,-1.7,-1,6013
Mark Teixeira,Yankees,116,438,15,43,44,2,10.7 %,24.0 %,0.158,0.238,0.204,0.292,0.362,0.287,76,-2.2,-14.7,-11.1,-1.1,1281
Ben Paulsen,Rockies,39,97,1,8,11,0,5.2 %,27.8 %,0.087,0.297,0.217,0.258,0.304,0.243,28,-0.1,-8.7,-5.4,-1.1,9741
Ben Revere,Nationals,103,375,2,44,24,14,4.8 %,9.1 %,0.083,0.234,0.217,0.26,0.3,0.246,47,0.5,-24.1,0.9,-1.2,4712
Alex Rodriguez,Yankees,65,243,9,19,31,3,5.8 %,27.6 %,0.151,0.237,0.2,0.247,0.351,0.258,56,-0.8,-13.6,-6.2,-1.2,1274
Erick Aybar,- - -,126,459,3,34,34,3,6.8 %,15.3 %,0.077,0.283,0.243,0.303,0.32,0.271,65,-3.9,-23.8,-2.5,-1.2,4082
Clint Robinson,Nationals,104,225,5,16,26,0,8.9 %,17.3 %,0.096,0.259,0.234,0.304,0.33,0.28,70,-2.7,-11.1,-7.8,-1.2,6908
Ramon Flores,Brewers,104,289,2,18,19,3,10.7 %,20.1 %,0.056,0.254,0.205,0.294,0.261,0.25,47,-1.1,-19.8,-1.6,-1.2,11165
Ryan Zimmerman,Nationals,115,467,15,60,46,4,6.2 %,22.3 %,0.152,0.248,0.218,0.272,0.37,0.277,67,1,-17.7,-9.4,-1.3,4220
Tyler Goeddel,Phillies,92,234,4,17,16,3,7.3 %,22.2 %,0.099,0.234,0.192,0.258,0.291,0.244,47,1.3,-13.9,-7.3,-1.4,13180
Mike Aviles,Tigers,68,181,1,17,6,2,5.0 %,14.9 %,0.06,0.245,0.21,0.258,0.269,0.236,41,-0.5,-13.3,-6.7,-1.4,5986
J.B. Shuck,White Sox,81,241,4,27,14,3,5.0 %,8.7 %,0.094,0.21,0.205,0.248,0.299,0.24,44,0.5,-15.9,-8.8,-1.7,6677
Prince Fielder,Rangers,89,370,8,29,44,0,8.6 %,17.0 %,0.123,0.235,0.212,0.292,0.334,0.276,65,-3.2,-18.7,-11.2,-1.8,4613
Gerardo Parra,Rockies,102,381,7,45,39,6,2.4 %,19.2 %,0.147,0.297,0.253,0.271,0.399,0.284,56,-3.6,-24.1,-5.5,-1.8,8553
Alexei Ramirez,- - -,145,506,6,38,48,8,4.2 %,12.5 %,0.092,0.265,0.241,0.277,0.333,0.264,63,-2.5,-25.3,-14.5,-2.4,5133
